location,commodity,time_operation,total_transport_cost,total_transport_opex,total_transport_flow,transport_cost_per_unit
AUS,Aluminium,0,0.0,0.0,0.0,
AUS,Aluminium,1,0.0,0.0,0.0,
AUS,Aluminium,2,0.0,0.0,0.0,
AUS,Aluminium,3,0.0,0.0,0.0,
AUS,Aluminium,4,0.0,0.0,0.0,
AUS,Aluminium,5,0.0,0.0,0.0,
AUS,Aluminium,6,0.0,0.0,0.0,
AUS,Aluminium,7,0.0,0.0,0.0,
AUS,Aluminium,8,0.0,0.0,0.0,
AUS,Aluminium,9,0.0,0.0,0.0,
AUS,Aluminium,10,0.0,0.0,0.0,
AUS,Aluminium,11,0.0,0.0,0.0,
AUS,Aluminium,12,0.0,0.0,0.0,
AUS,Aluminium,13,0.0,0.0,0.0,
AUS,Bauxite,0,0.0,0.0,0.0,
AUS,Bauxite,1,0.0,0.0,0.0,
AUS,Bauxite,2,0.0,0.0,0.0,
AUS,Bauxite,3,0.0,0.0,0.0,
AUS,Bauxite,4,0.0,0.0,0.0,
AUS,Bauxite,5,0.0,0.0,0.0,
AUS,Bauxite,6,0.0,0.0,0.0,
AUS,Bauxite,7,0.0,0.0,0.0,
AUS,Bauxite,8,0.0,0.0,0.0,
AUS,Bauxite,9,0.0,0.0,0.0,
AUS,Bauxite,10,0.0,0.0,0.0,
AUS,Bauxite,11,0.0,0.0,0.0,
AUS,Bauxite,12,0.0,0.0,0.0,
AUS,Bauxite,13,0.0,0.0,0.0,
AUS,Compressor,0,0.0,0.0,0.0,
AUS,Compressor,1,0.0,0.0,0.0,
AUS,Compressor,2,0.0,0.0,0.0,
AUS,Compressor,3,0.0,0.0,0.0,
AUS,Compressor,4,0.0,0.0,0.0,
AUS,Compressor,5,0.0,0.0,0.0,
AUS,Compressor,6,0.0,0.0,0.0,
AUS,Compressor,7,0.0,0.0,0.0,
AUS,Compressor,8,0.0,0.0,0.0,
AUS,Compressor,9,0.0,0.0,0.0,
AUS,Compressor,10,13680.897811365145,13680.897811365145,0.9591912747252624,14262.950645880002
AUS,Compressor,11,0.0,0.0,0.0,
AUS,Compressor,12,0.0,0.0,0.0,
AUS,Compressor,13,0.0,0.0,0.0,
AUS,Copper,0,0.0,0.0,0.0,
AUS,Copper,1,0.0,0.0,0.0,
AUS,Copper,2,0.0,0.0,0.0,
AUS,Copper,3,0.0,0.0,0.0,
AUS,Copper,4,0.0,0.0,0.0,
AUS,Copper,5,0.0,0.0,0.0,
AUS,Copper,6,0.0,0.0,0.0,
AUS,Copper,7,0.0,0.0,0.0,
AUS,Copper,8,0.0,0.0,0.0,
AUS,Copper,9,0.0,0.0,0.0,
AUS,Copper,10,0.0,0.0,0.0,
AUS,Copper,11,0.0,0.0,0.0,
AUS,Copper,12,0.0,0.0,0.0,
AUS,Copper,13,0.0,0.0,0.0,
AUS,Copper_ore,0,0.0,0.0,0.0,
AUS,Copper_ore,1,0.0,0.0,0.0,
AUS,Copper_ore,2,0.0,0.0,0.0,
AUS,Copper_ore,3,0.0,0.0,0.0,
AUS,Copper_ore,4,0.0,0.0,0.0,
AUS,Copper_ore,5,0.0,0.0,0.0,
AUS,Copper_ore,6,0.0,0.0,0.0,
AUS,Copper_ore,7,0.0,0.0,0.0,
AUS,Copper_ore,8,309.97893011156503,309.97893011156503,1.850875,167.47696636
AUS,Copper_ore,9,309.97893011156503,309.97893011156503,1.850875,167.47696636
AUS,Copper_ore,10,1857.4815596840556,1857.4815596840556,11.090967313626324,167.47696636
AUS,Copper_ore,11,309.98817020387867,309.98817020387867,1.850875,167.4819586432788
AUS,Copper_ore,12,309.98817020387867,309.98817020387867,1.850875,167.4819586432788
AUS,Copper_ore,13,309.98817020387867,309.98817020387867,1.850875,167.4819586432788
AUS,HEX,0,0.0,0.0,0.0,
AUS,HEX,1,0.0,0.0,0.0,
AUS,HEX,2,0.0,0.0,0.0,
AUS,HEX,3,0.0,0.0,0.0,
AUS,HEX,4,0.0,0.0,0.0,
AUS,HEX,5,0.0,0.0,0.0,
AUS,HEX,6,0.0,0.0,0.0,
AUS,HEX,7,0.0,0.0,0.0,
AUS,HEX,8,0.0,0.0,0.0,
AUS,HEX,9,0.0,0.0,0.0,
AUS,HEX,10,0.0,0.0,0.0,
AUS,HEX,11,0.0,0.0,0.0,
AUS,HEX,12,0.0,0.0,0.0,
AUS,HEX,13,0.0,0.0,0.0,
AUS,HP,0,0.0105599999999999,0.0105599999999999,10.56,0.0009999999999999905
AUS,HP,1,0.010982399999999799,0.010982399999999799,10.9824,0.0009999999999999816
AUS,HP,2,0.011421695999999799,0.011421695999999799,11.421696,0.0009999999999999822
AUS,HP,3,0.011878563999999899,0.011878563999999899,11.878564,0.0009999999999999913
AUS,HP,4,0.0123537059999999,0.0123537059999999,12.353706,0.0009999999999999918
AUS,HP,5,0.0157191656923076,0.0157191656923076,12.847855,0.0012234856084776488
AUS,HP,6,0.0157191656923076,0.0157191656923076,13.361762264957257,0.0011764290802817907
AUS,HP,7,0.0157191656923076,0.0157191656923076,13.896239999999999,0.0011311812182509514
AUS,HP,8,0.0162566349999999,0.0162566349999999,14.452089,0.0011248640248478889
AUS,HP,9,0.0162566349999999,0.0162566349999999,15.030173,0.0010815999922289584
AUS,HP,10,0.0162566349999999,0.0162566349999999,13.372188725274738,0.0012157048732997075
AUS,HP,11,0.0162566349999999,0.0162566349999999,16.256635,0.000999999999999994
AUS,HP,12,0.025294835582417498,0.025294835582417498,16.9069,0.0014961249893485793
AUS,HP,13,0.025971111582417498,0.025971111582417498,17.583176,0.0014770432589890185
AUS,Iron,0,0.0,0.0,0.0,
AUS,Iron,1,0.0,0.0,0.0,
AUS,Iron,2,0.0,0.0,0.0,
AUS,Iron,3,0.0,0.0,0.0,
AUS,Iron,4,0.0,0.0,0.0,
AUS,Iron,5,0.0,0.0,0.0,
AUS,Iron,6,0.0,0.0,0.0,
AUS,Iron,7,0.0,0.0,0.0,
AUS,Iron,8,0.0,0.0,0.0,
AUS,Iron,9,0.0,0.0,0.0,
AUS,Iron,10,0.0,0.0,0.0,
AUS,Iron,11,0.0,0.0,0.0,
AUS,Iron,12,0.0,0.0,0.0,
AUS,Iron,13,0.0,0.0,0.0,
AUS,Nickel,0,324.6630663888,324.6630663888,1.62,200.40930024
AUS,Nickel,1,324.6630663888,324.6630663888,1.62,200.40930024
AUS,Nickel,2,324.6630663888,324.6630663888,1.62,200.40930024
AUS,Nickel,3,324.6630663888,324.6630663888,1.62,200.40930024
AUS,Nickel,4,324.6630663888,324.6630663888,1.62,200.40930024
AUS,Nickel,5,324.6630663888,324.6630663888,1.62,200.40930024
AUS,Nickel,6,580.8700835104612,580.8700835104612,2.8984188000000035,200.40930024
AUS,Nickel,7,601.22790072,601.22790072,3.0,200.40930024
AUS,Nickel,8,721.4734808639998,721.4734808639998,3.6,200.40930023999994
AUS,Nickel,9,721.4734808639998,721.4734808639998,3.6,200.40930023999994
AUS,Nickel,10,841.719061008,841.719061008,4.2,200.40930024
AUS,Nickel,11,841.719061008,841.719061008,4.2,200.40930024
AUS,Nickel,12,961.964641152,961.964641152,4.8,200.40930024000002
AUS,Nickel,13,1082.210221296,1082.210221296,5.4,200.40930024
AUS,Refrigerant,0,0.0,0.0,0.0,
AUS,Refrigerant,1,0.0,0.0,0.0,
AUS,Refrigerant,2,0.0,0.0,0.0,
AUS,Refrigerant,3,0.0,0.0,0.0,
AUS,Refrigerant,4,0.0,0.0,0.0,
AUS,Refrigerant,5,0.0,0.0,0.0,
AUS,Refrigerant,6,0.0,0.0,0.0,
AUS,Refrigerant,7,0.0,0.0,0.0,
AUS,Refrigerant,8,0.0,0.0,0.0,
AUS,Refrigerant,9,0.0,0.0,0.0,
AUS,Refrigerant,10,486421.2100316863,486421.2100316863,1.284915037499993,378562.93672000006
AUS,Refrigerant,11,0.0012849150374999,0.0012849150374999,0.0,
AUS,Refrigerant,12,0.0012849150374999,0.0012849150374999,0.0,
AUS,Refrigerant,13,0.0012849150374999,0.0012849150374999,0.0,
AUS,Steel,0,0.0,0.0,0.0,
AUS,Steel,1,0.0,0.0,0.0,
AUS,Steel,2,0.0,0.0,0.0,
AUS,Steel,3,0.0,0.0,0.0,
AUS,Steel,4,0.0,0.0,0.0,
AUS,Steel,5,0.0,0.0,0.0,
AUS,Steel,6,0.0,0.0,0.0,
AUS,Steel,7,0.0,0.0,0.0,
AUS,Steel,8,0.0,0.0,0.0,
AUS,Steel,9,0.0,0.0,0.0,
AUS,Steel,10,0.0,0.0,0.0,
AUS,Steel,11,0.0,0.0,0.0,
AUS,Steel,12,0.0,0.0,0.0,
AUS,Steel,13,0.0,0.0,0.0,
AUT,Aluminium,0,0.0,0.0,0.0,
AUT,Aluminium,1,0.0,0.0,0.0,
AUT,Aluminium,2,0.0,0.0,0.0,
AUT,Aluminium,3,0.0,0.0,0.0,
AUT,Aluminium,4,0.0,0.0,0.0,
AUT,Aluminium,5,0.0,0.0,0.0,
AUT,Aluminium,6,0.0,0.0,0.0,
AUT,Aluminium,7,0.0,0.0,0.0,
AUT,Aluminium,8,0.0,0.0,0.0,
AUT,Aluminium,9,0.0,0.0,0.0,
AUT,Aluminium,10,0.0,0.0,0.0,
AUT,Aluminium,11,0.0,0.0,0.0,
AUT,Aluminium,12,0.0,0.0,0.0,
AUT,Aluminium,13,0.0,0.0,0.0,
AUT,Bauxite,0,4626.6918323807995,4626.6918323807995,78.52,58.92373704
AUT,Bauxite,1,4626.6918323807995,4626.6918323807995,78.52,58.92373704
AUT,Bauxite,2,4626.6918323807995,4626.6918323807995,78.52,58.92373704
AUT,Bauxite,3,4626.6918323807995,4626.6918323807995,78.52,58.92373704
AUT,Bauxite,4,4626.6918323807995,4626.6918323807995,78.52,58.92373704
AUT,Bauxite,5,4626.6918323807995,4626.6918323807995,78.52,58.92373704
AUT,Bauxite,6,4626.6918323807995,4626.6918323807995,78.52,58.92373704
AUT,Bauxite,7,4626.6918323807995,4626.6918323807995,78.52,58.92373704
AUT,Bauxite,8,4626.6918323807995,4626.6918323807995,78.52,58.92373704
AUT,Bauxite,9,4626.6918323807995,4626.6918323807995,78.52,58.92373704
AUT,Bauxite,10,4626.6918323807995,4626.6918323807995,78.52,58.92373704
AUT,Bauxite,11,4626.6918323807995,4626.6918323807995,78.52,58.92373704
AUT,Bauxite,12,4626.6918323807995,4626.6918323807995,78.52,58.92373704
AUT,Bauxite,13,4626.6918323807995,4626.6918323807995,78.52,58.92373704
AUT,Compressor,0,0.0,0.0,0.0,
AUT,Compressor,1,0.0,0.0,0.0,
AUT,Compressor,2,0.0,0.0,0.0,
AUT,Compressor,3,0.0,0.0,0.0,
AUT,Compressor,4,0.0,0.0,0.0,
AUT,Compressor,5,0.0,0.0,0.0,
AUT,Compressor,6,0.0,0.0,0.0,
AUT,Compressor,7,0.0,0.0,0.0,
AUT,Compressor,8,1588.3081331912304,1588.3081331912304,1.1576923076923074,1371.96051372
AUT,Compressor,9,1588.30813319123,1588.30813319123,1.1576923076923071,1371.9605137199999
AUT,Compressor,10,1588.3081331912304,1588.3081331912304,1.1576923076923074,1371.96051372
AUT,Compressor,11,0.0,0.0,0.0,
AUT,Compressor,12,0.0,0.0,0.0,
AUT,Compressor,13,0.0,0.0,0.0,
AUT,Copper,0,0.0,0.0,0.0,
AUT,Copper,1,0.0,0.0,0.0,
AUT,Copper,2,0.0,0.0,0.0,
AUT,Copper,3,0.0,0.0,0.0,
AUT,Copper,4,0.0,0.0,0.0,
AUT,Copper,5,0.0,0.0,0.0,
AUT,Copper,6,0.0,0.0,0.0,
AUT,Copper,7,0.0,0.0,0.0,
AUT,Copper,8,369.3732509325183,369.3732509325183,4.534961538461537,81.45013972
AUT,Copper,9,369.37325093251826,369.37325093251826,4.534961538461536,81.45013972000001
AUT,Copper,10,369.3732509325183,369.3732509325183,4.534961538461537,81.45013972
AUT,Copper,11,0.0045349615384615,0.0045349615384615,0.0,
AUT,Copper,12,0.0045349615384615,0.0045349615384615,0.0,
AUT,Copper,13,0.0045349615384615,0.0045349615384615,0.0,
AUT,Copper_ore,0,0.0,0.0,0.0,
AUT,Copper_ore,1,0.0,0.0,0.0,
AUT,Copper_ore,2,0.0,0.0,0.0,
AUT,Copper_ore,3,0.0,0.0,0.0,
AUT,Copper_ore,4,0.0,0.0,0.0,
AUT,Copper_ore,5,0.0,0.0,0.0,
AUT,Copper_ore,6,0.0,0.0,0.0,
AUT,Copper_ore,7,0.0,0.0,0.0,
AUT,Copper_ore,8,0.0,0.0,0.0,
AUT,Copper_ore,9,0.0,0.0,0.0,
AUT,Copper_ore,10,0.0,0.0,0.0,
AUT,Copper_ore,11,0.0,0.0,0.0,
AUT,Copper_ore,12,0.0,0.0,0.0,
AUT,Copper_ore,13,0.0,0.0,0.0,
AUT,HEX,0,0.0,0.0,0.0,
AUT,HEX,1,0.0,0.0,0.0,
AUT,HEX,2,0.0,0.0,0.0,
AUT,HEX,3,0.0,0.0,0.0,
AUT,HEX,4,0.0,0.0,0.0,
AUT,HEX,5,0.0,0.0,0.0,
AUT,HEX,6,0.0,0.0,0.0,
AUT,HEX,7,0.0,0.0,0.0,
AUT,HEX,8,7634.479003137071,7634.479003137071,0.7576923076923072,10075.962136119999
AUT,HEX,9,7634.479003137071,7634.479003137071,0.7576923076923072,10075.962136119999
AUT,HEX,10,7634.479003137071,7634.479003137071,0.7576923076923072,10075.962136119999
AUT,HEX,11,757.6923076923072,757.6923076923072,0.0,
AUT,HEX,12,757.6923076923072,757.6923076923072,0.0,
AUT,HEX,13,757.6923076923072,757.6923076923072,0.0,
AUT,HP,0,0.00039363199999999863,0.00039363199999999863,0.3936319999999998,0.000999999999999997
AUT,HP,1,0.00046054899999999863,0.00046054899999999863,0.4605489999999998,0.0009999999999999974
AUT,HP,2,1845.3261591036944,1845.3261591036944,0.538843,3424.6082051797916
AUT,HP,3,1645.1579179181385,1645.1579179181385,0.6304459999999998,2609.514403958688
AUT,HP,4,1197.1063952657887,1197.1063952657887,0.7376219999999999,1622.9266416481462
AUT,HP,5,672.8849841500628,672.8849841500628,0.8630179999999998,779.6882384261544
AUT,HP,6,59.545161802795896,59.545161802795896,1.0097309999999997,58.97131196605424
AUT,HP,7,0.0017202279999999986,0.0017202279999999986,1.181385,0.001456111259242329
AUT,HP,8,0.0017202279999999986,0.0017202279999999986,0.2245276923076927,0.007661540464427873
AUT,HP,9,0.0017202279999999986,0.0017202279999999986,0.4595056923076928,0.0037436489445012247
AUT,HP,10,0.0017202279999999986,0.0017202279999999986,0.7344286923076926,0.0023422668776661854
AUT,HP,11,0.0027526249999999986,0.0027526249999999986,2.213782,0.0012434038220565523
AUT,HP,12,0.003995129999999999,0.003995129999999999,2.590125,0.00154244679310844
AUT,HP,13,0.004435450999999999,0.004435450999999999,3.030446,0.0014636297759471706
AUT,Iron,0,0.0,0.0,0.0,
AUT,Iron,1,0.0,0.0,0.0,
AUT,Iron,2,0.0,0.0,0.0,
AUT,Iron,3,0.0,0.0,0.0,
AUT,Iron,4,0.0,0.0,0.0,
AUT,Iron,5,0.0,0.0,0.0,
AUT,Iron,6,0.0,0.0,0.0,
AUT,Iron,7,0.0,0.0,0.0,
AUT,Iron,8,0.0,0.0,0.0,
AUT,Iron,9,0.0,0.0,0.0,
AUT,Iron,10,0.0,0.0,0.0,
AUT,Iron,11,0.0,0.0,0.0,
AUT,Iron,12,0.0,0.0,0.0,
AUT,Iron,13,0.0,0.0,0.0,
AUT,Nickel,0,21.588743534400002,21.588743534400002,1.35,15.991661877333334
AUT,Nickel,1,21.588743534400002,21.588743534400002,1.35,15.991661877333334
AUT,Nickel,2,28.840990730399998,28.840990730399998,1.8,16.022772628
AUT,Nickel,3,28.840990730399998,28.840990730399998,1.8,16.022772628
AUT,Nickel,4,28.840990730399998,28.840990730399998,1.8,16.022772628
AUT,Nickel,5,28.840990730399998,28.840990730399998,1.8,16.022772628
AUT,Nickel,6,28.840990730399987,28.840990730399987,1.7999999999999992,16.022772628000002
AUT,Nickel,7,28.840990730399977,28.840990730399977,1.7999999999999987,16.022772628
AUT,Nickel,8,28.840990730399998,28.840990730399998,1.7999999999999998,16.022772628000002
AUT,Nickel,9,28.840990730399998,28.840990730399998,1.7999999999999998,16.022772628000002
AUT,Nickel,10,28.840990730399998,28.840990730399998,1.8,16.022772628
AUT,Nickel,11,28.84099073039996,28.84099073039996,1.7999999999999974,16.022772628000002
AUT,Nickel,12,28.840990730399977,28.840990730399977,1.7999999999999987,16.022772628
AUT,Nickel,13,29.008988784000003,29.008988784000003,1.8,16.11610488
AUT,Refrigerant,0,0.0,0.0,0.0,
AUT,Refrigerant,1,0.0,0.0,0.0,
AUT,Refrigerant,2,0.0,0.0,0.0,
AUT,Refrigerant,3,0.0,0.0,0.0,
AUT,Refrigerant,4,0.0,0.0,0.0,
AUT,Refrigerant,5,0.0,0.0,0.0,
AUT,Refrigerant,6,0.0,0.0,0.0,
AUT,Refrigerant,7,0.0,0.0,0.0,
AUT,Refrigerant,8,49481.05896019999,49481.05896019999,0.6584374999999998,75149.21152000001
AUT,Refrigerant,9,49481.05896019998,49481.05896019998,0.6584374999999997,75149.21152000001
AUT,Refrigerant,10,49481.05896019999,49481.05896019999,0.6584374999999998,75149.21152000001
AUT,Refrigerant,11,0.0006584374999999,0.0006584374999999,0.0,
AUT,Refrigerant,12,0.0006584374999999,0.0006584374999999,0.0,
AUT,Refrigerant,13,0.0006584374999999,0.0006584374999999,0.0,
AUT,Steel,0,0.0,0.0,0.0,
AUT,Steel,1,0.0,0.0,0.0,
AUT,Steel,2,0.0,0.0,0.0,
AUT,Steel,3,0.0,0.0,0.0,
AUT,Steel,4,0.0,0.0,0.0,
AUT,Steel,5,0.0,0.0,0.0,
AUT,Steel,6,0.0,0.0,0.0,
AUT,Steel,7,0.0,0.0,0.0,
AUT,Steel,8,0.0,0.0,0.0,
AUT,Steel,9,0.0,0.0,0.0,
AUT,Steel,10,0.0,0.0,0.0,
AUT,Steel,11,0.0,0.0,0.0,
AUT,Steel,12,0.0,0.0,0.0,
AUT,Steel,13,0.0,0.0,0.0,
BRA,Aluminium,0,21256.42068560736,21256.42068560736,49.092,432.99154008000005
BRA,Aluminium,1,21256.42068560736,21256.42068560736,49.092,432.99154008000005
BRA,Aluminium,2,21256.42068560736,21256.42068560736,49.092,432.99154008000005
BRA,Aluminium,3,21256.42068560736,21256.42068560736,49.092,432.99154008000005
BRA,Aluminium,4,21256.42068560736,21256.42068560736,49.092,432.99154008000005
BRA,Aluminium,5,21256.42068560736,21256.42068560736,49.092,432.99154008000005
BRA,Aluminium,6,17529.220883407233,17529.220883407233,40.483980079999974,432.9915400800001
BRA,Aluminium,7,17233.063295184,17233.063295184,39.8,432.99154008000005
BRA,Aluminium,8,15483.7774732608,15483.7774732608,35.76,432.99154008
BRA,Aluminium,9,15483.7774732608,15483.7774732608,35.76,432.99154008
BRA,Aluminium,10,13734.4916513376,13734.4916513376,31.72,432.99154008
BRA,Aluminium,11,13734.4916513376,13734.4916513376,31.72,432.99154008
BRA,Aluminium,12,11985.2058294144,11985.2058294144,27.68,432.99154008000005
BRA,Aluminium,13,10235.9200074912,10235.9200074912,23.64,432.99154008
BRA,Bauxite,0,0.0,0.0,0.0,
BRA,Bauxite,1,0.0,0.0,0.0,
BRA,Bauxite,2,0.0,0.0,0.0,
BRA,Bauxite,3,0.0,0.0,0.0,
BRA,Bauxite,4,0.0,0.0,0.0,
BRA,Bauxite,5,0.0,0.0,0.0,
BRA,Bauxite,6,0.0,0.0,0.0,
BRA,Bauxite,7,0.0,0.0,0.0,
BRA,Bauxite,8,0.0,0.0,0.0,
BRA,Bauxite,9,0.0,0.0,0.0,
BRA,Bauxite,10,0.0,0.0,0.0,
BRA,Bauxite,11,0.0,0.0,0.0,
BRA,Bauxite,12,0.0,0.0,0.0,
BRA,Bauxite,13,0.0,0.0,0.0,
BRA,Compressor,0,0.0,0.0,0.0,
BRA,Compressor,1,0.0,0.0,0.0,
BRA,Compressor,2,0.0,0.0,0.0,
BRA,Compressor,3,0.0,0.0,0.0,
BRA,Compressor,4,0.0,0.0,0.0,
BRA,Compressor,5,0.0,0.0,0.0,
BRA,Compressor,6,0.0,0.0,0.0,
BRA,Compressor,7,0.0,0.0,0.0,
BRA,Compressor,8,0.0,0.0,0.0,
BRA,Compressor,9,0.0,0.0,0.0,
BRA,Compressor,10,0.0,0.0,0.0,
BRA,Compressor,11,0.0,0.0,0.0,
BRA,Compressor,12,0.0,0.0,0.0,
BRA,Compressor,13,0.0,0.0,0.0,
BRA,Copper,0,0.0,0.0,0.0,
BRA,Copper,1,0.0,0.0,0.0,
BRA,Copper,2,0.0,0.0,0.0,
BRA,Copper,3,0.0,0.0,0.0,
BRA,Copper,4,0.0,0.0,0.0,
BRA,Copper,5,0.0,0.0,0.0,
BRA,Copper,6,0.0,0.0,0.0,
BRA,Copper,7,0.0,0.0,0.0,
BRA,Copper,8,0.0,0.0,0.0,
BRA,Copper,9,0.0,0.0,0.0,
BRA,Copper,10,0.0,0.0,0.0,
BRA,Copper,11,0.0,0.0,0.0,
BRA,Copper,12,0.0,0.0,0.0,
BRA,Copper,13,0.0,0.0,0.0,
BRA,Copper_ore,0,2906.22837004148,2906.22837004148,21.641,134.29270228000001
BRA,Copper_ore,1,2906.22837004148,2906.22837004148,21.641,134.29270228000001
BRA,Copper_ore,2,2906.22837004148,2906.22837004148,21.641,134.29270228000001
BRA,Copper_ore,3,2906.22837004148,2906.22837004148,21.641,134.29270228000001
BRA,Copper_ore,4,2906.22837004148,2906.22837004148,21.641,134.29270228000001
BRA,Copper_ore,5,2771.9366677614803,2771.9366677614803,20.641,134.29275072726517
BRA,Copper_ore,6,2444.94286777742,2444.94286777742,20.641,118.45079539641587
BRA,Copper_ore,7,1600.87103872884,1600.87103872884,20.641,77.55782368726516
BRA,Copper_ore,8,1600.87103872884,1600.87103872884,20.641,77.55782368726516
BRA,Copper_ore,9,2493.847488948419,2493.847488948419,32.154841923626364,77.55744826461171
BRA,Copper_ore,10,4868.10530926432,4868.10530926432,62.768,77.55712001759368
BRA,Copper_ore,11,1600.91316572884,1600.91316572884,20.641,77.55986462520421
BRA,Copper_ore,12,1600.91316572884,1600.91316572884,20.641,77.55986462520421
BRA,Copper_ore,13,1600.91316572884,1600.91316572884,20.641,77.55986462520421
BRA,HEX,0,0.0,0.0,0.0,
BRA,HEX,1,0.0,0.0,0.0,
BRA,HEX,2,0.0,0.0,0.0,
BRA,HEX,3,0.0,0.0,0.0,
BRA,HEX,4,0.0,0.0,0.0,
BRA,HEX,5,0.0,0.0,0.0,
BRA,HEX,6,0.0,0.0,0.0,
BRA,HEX,7,0.0,0.0,0.0,
BRA,HEX,8,0.0,0.0,0.0,
BRA,HEX,9,4570.647611459125,4570.647611459125,0.8151202747252726,5607.32906932
BRA,HEX,10,46540.831275355995,46540.831275355995,8.3,5607.329069319999
BRA,HEX,11,8300.0,8300.0,0.0,
BRA,HEX,12,8300.0,8300.0,0.0,
BRA,HEX,13,8300.0,8300.0,0.0,
BRA,HP,0,0.0,0.0,0.0,
BRA,HP,1,0.0,0.0,0.0,
BRA,HP,2,0.0,0.0,0.0,
BRA,HP,3,0.0,0.0,0.0,
BRA,HP,4,0.0,0.0,0.0,
BRA,HP,5,0.0,0.0,0.0,
BRA,HP,6,0.0,0.0,0.0,
BRA,HP,7,0.0,0.0,0.0,
BRA,HP,8,0.0,0.0,0.0,
BRA,HP,9,0.0,0.0,0.0,
BRA,HP,10,0.0,0.0,0.0,
BRA,HP,11,0.0,0.0,0.0,
BRA,HP,12,0.0,0.0,0.0,
BRA,HP,13,0.0,0.0,0.0,
BRA,Iron,0,0.0,0.0,0.0,
BRA,Iron,1,0.0,0.0,0.0,
BRA,Iron,2,0.0,0.0,0.0,
BRA,Iron,3,0.0,0.0,0.0,
BRA,Iron,4,0.0,0.0,0.0,
BRA,Iron,5,0.0,0.0,0.0,
BRA,Iron,6,0.0,0.0,0.0,
BRA,Iron,7,0.0,0.0,0.0,
BRA,Iron,8,0.0,0.0,0.0,
BRA,Iron,9,0.0,0.0,0.0,
BRA,Iron,10,0.0,0.0,0.0,
BRA,Iron,11,0.0,0.0,0.0,
BRA,Iron,12,0.0,0.0,0.0,
BRA,Iron,13,0.0,0.0,0.0,
BRA,Nickel,0,0.0,0.0,0.0,
BRA,Nickel,1,0.0,0.0,0.0,
BRA,Nickel,2,0.0,0.0,0.0,
BRA,Nickel,3,0.0,0.0,0.0,
BRA,Nickel,4,0.0,0.0,0.0,
BRA,Nickel,5,0.0,0.0,0.0,
BRA,Nickel,6,0.0,0.0,0.0,
BRA,Nickel,7,0.0,0.0,0.0,
BRA,Nickel,8,0.0,0.0,0.0,
BRA,Nickel,9,0.0,0.0,0.0,
BRA,Nickel,10,0.0,0.0,0.0,
BRA,Nickel,11,0.0,0.0,0.0,
BRA,Nickel,12,0.0,0.0,0.0,
BRA,Nickel,13,0.0,0.0,0.0,
BRA,Refrigerant,0,0.0,0.0,0.0,
BRA,Refrigerant,1,0.0,0.0,0.0,
BRA,Refrigerant,2,0.0,0.0,0.0,
BRA,Refrigerant,3,0.0,0.0,0.0,
BRA,Refrigerant,4,0.0,0.0,0.0,
BRA,Refrigerant,5,0.0,0.0,0.0,
BRA,Refrigerant,6,0.0,0.0,0.0,
BRA,Refrigerant,7,0.0,0.0,0.0,
BRA,Refrigerant,8,0.0,0.0,0.0,
BRA,Refrigerant,9,198697.4974881437,198697.4974881437,1.6010996562499988,124100.64340000002
BRA,Refrigerant,10,726997.0816176251,726997.0816176251,5.858125,124100.64340000002
BRA,Refrigerant,11,0.005858125,0.005858125,0.0,
BRA,Refrigerant,12,0.005858125,0.005858125,0.0,
BRA,Refrigerant,13,0.005858125,0.005858125,0.0,
BRA,Steel,0,0.0,0.0,0.0,
BRA,Steel,1,0.0,0.0,0.0,
BRA,Steel,2,0.0,0.0,0.0,
BRA,Steel,3,0.0,0.0,0.0,
BRA,Steel,4,0.0,0.0,0.0,
BRA,Steel,5,0.0,0.0,0.0,
BRA,Steel,6,0.0,0.0,0.0,
BRA,Steel,7,0.0,0.0,0.0,
BRA,Steel,8,0.0,0.0,0.0,
BRA,Steel,9,0.0,0.0,0.0,
BRA,Steel,10,0.0,0.0,0.0,
BRA,Steel,11,0.0,0.0,0.0,
BRA,Steel,12,0.0,0.0,0.0,
BRA,Steel,13,0.0,0.0,0.0,
CHN,Aluminium,0,0.0,0.0,0.0,
CHN,Aluminium,1,0.0,0.0,0.0,
CHN,Aluminium,2,0.0,0.0,0.0,
CHN,Aluminium,3,0.0,0.0,0.0,
CHN,Aluminium,4,0.0,0.0,0.0,
CHN,Aluminium,5,0.0,0.0,0.0,
CHN,Aluminium,6,0.0,0.0,0.0,
CHN,Aluminium,7,0.0,0.0,0.0,
CHN,Aluminium,8,0.0,0.0,0.0,
CHN,Aluminium,9,0.0,0.0,0.0,
CHN,Aluminium,10,0.0,0.0,0.0,
CHN,Aluminium,11,0.0,0.0,0.0,
CHN,Aluminium,12,0.0,0.0,0.0,
CHN,Aluminium,13,0.0,0.0,0.0,
CHN,Bauxite,0,0.0,0.0,0.0,
CHN,Bauxite,1,0.0,0.0,0.0,
CHN,Bauxite,2,0.0,0.0,0.0,
CHN,Bauxite,3,0.0,0.0,0.0,
CHN,Bauxite,4,0.0,0.0,0.0,
CHN,Bauxite,5,0.0,0.0,0.0,
CHN,Bauxite,6,0.0,0.0,0.0,
CHN,Bauxite,7,0.0,0.0,0.0,
CHN,Bauxite,8,0.0,0.0,0.0,
CHN,Bauxite,9,0.0,0.0,0.0,
CHN,Bauxite,10,8354.091295439184,8354.091295439184,139.46417055999973,59.90134428
CHN,Bauxite,11,41515.97933030424,41515.97933030424,622.6998340800004,66.67093366363501
CHN,Bauxite,12,83094.66748242086,83094.66748242086,1172.1953921600002,70.88806869416422
CHN,Bauxite,13,130455.16806868697,130455.16806868697,1798.10221744,72.55158622429097
CHN,Compressor,0,0.0,0.0,0.0,
CHN,Compressor,1,0.0,0.0,0.0,
CHN,Compressor,2,0.0,0.0,0.0,
CHN,Compressor,3,13267.73694905772,13267.73694905772,7.769327010989009,1707.70736388
CHN,Compressor,4,25786.381194588004,25786.381194588004,15.1,1707.7073638800002
CHN,Compressor,5,35349.542432316,35349.542432316,20.7,1707.70736388
CHN,Compressor,6,45766.557351984,45766.557351984,26.8,1707.70736388
CHN,Compressor,7,57037.42595359199,57037.42595359199,33.4,1707.7073638799998
CHN,Compressor,8,56851.20046556088,56851.20046556088,33.290949999999995,1707.7073638800002
CHN,Compressor,9,30294.05409082245,30294.05409082245,17.73960499999999,1707.70736388
CHN,Compressor,10,0.0,0.0,0.0,
CHN,Compressor,11,68941.83522118449,68941.83522118449,40.370989010989014,1707.7073638799998
CHN,Compressor,12,68941.83522118449,68941.83522118449,40.370989010989014,1707.7073638799998
CHN,Compressor,13,120492.03692590447,120492.03692590447,54.07098901098902,2228.4045313359534
CHN,Copper,0,202926.42709223935,202926.42709223935,143.11825000000007,1417.8934349199997
CHN,Copper,1,193484.89255870567,193484.89255870567,136.45939894684074,1417.8934837173058
CHN,Copper,2,150006.94620933305,150006.94620933305,105.79561565934073,1417.8937877005387
CHN,Copper,3,113996.2650824665,113996.2650824665,80.39828632744512,1417.8942150356784
CHN,Copper,4,56212.144714631686,56212.144714631686,39.64475739625007,1417.896044937046
CHN,Copper,5,0.14311825,0.14311825,0.0,
CHN,Copper,6,34095.13908144506,34095.13908144506,24.046250000000004,1417.8983867108198
CHN,Copper,7,72369.7274696755,72369.7274696755,51.04024999999998,1417.895238947214
CHN,Copper,8,128096.99069308802,128096.99069308802,90.34313493750004,1417.8940190829812
CHN,Copper,9,219688.74538782067,219688.74538782067,154.94023738124997,1417.8934349199997
CHN,Copper,10,321003.42904735205,321003.42904735205,226.3946084675,1417.89343492
CHN,Copper,11,648869.7680458213,648869.7680458213,457.629432554945,1417.8934349199997
CHN,Copper,12,723218.0914495958,723218.0914495958,510.065195054945,1417.8934349200001
CHN,Copper,13,882878.6701373351,882878.6701373351,622.6692700549451,1417.89343492
CHN,Copper_ore,0,0.0,0.0,0.0,
CHN,Copper_ore,1,0.0,0.0,0.0,
CHN,Copper_ore,2,0.0,0.0,0.0,
CHN,Copper_ore,3,0.0,0.0,0.0,
CHN,Copper_ore,4,0.0,0.0,0.0,
CHN,Copper_ore,5,0.0,0.0,0.0,
CHN,Copper_ore,6,0.0,0.0,0.0,
CHN,Copper_ore,7,0.0,0.0,0.0,
CHN,Copper_ore,8,0.0,0.0,0.0,
CHN,Copper_ore,9,0.0,0.0,0.0,
CHN,Copper_ore,10,0.0,0.0,0.0,
CHN,Copper_ore,11,0.0,0.0,0.0,
CHN,Copper_ore,12,0.0,0.0,0.0,
CHN,Copper_ore,13,0.0,0.0,0.0,
CHN,HEX,0,0.0,0.0,0.0,
CHN,HEX,1,41075.564821430264,41075.564821430264,8.003880010989015,5131.95659668
CHN,HEX,2,65210.479277345556,65210.479277345556,12.706748010989015,5131.956596680001
CHN,HEX,3,110692.85003999317,110692.85003999317,21.569327010989007,5131.956596680001
CHN,HEX,4,148313.545644052,148313.545644052,28.9,5131.95659668
CHN,HEX,5,152640.91921746102,152640.91921746102,29.74322099999998,5131.95659668
CHN,HEX,6,129088.766616385,129088.766616385,24.043220999999978,5369.02965773118
CHN,HEX,7,139831.85376775297,139831.85376775297,26.643220999999972,5248.3088950751535
CHN,HEX,8,152640.91921746102,152640.91921746102,29.74322099999998,5131.95659668
CHN,HEX,9,171629.15862517693,171629.15862517693,33.443220999999966,5131.95659668
CHN,HEX,10,193696.571990901,193696.571990901,37.74322099999998,5131.95659668
CHN,HEX,11,426615.2539874205,426615.2539874205,83.340989010989,5118.912782894487
CHN,HEX,12,448673.29389708716,448673.29389708716,87.850989010989,5107.208227797687
CHN,HEX,13,539756.1500321,539756.1500321,105.810989010989,5101.135100211979
CHN,HP,0,0.0,0.0,0.0,
CHN,HP,1,0.0,0.0,0.0,
CHN,HP,2,0.0,0.0,0.0,
CHN,HP,3,0.0,0.0,0.0,
CHN,HP,4,0.0,0.0,0.0,
CHN,HP,5,0.0,0.0,0.0,
CHN,HP,6,0.0,0.0,0.0,
CHN,HP,7,0.0,0.0,0.0,
CHN,HP,8,0.0,0.0,0.0,
CHN,HP,9,0.0,0.0,0.0,
CHN,HP,10,0.0,0.0,0.0,
CHN,HP,11,0.0,0.0,0.0,
CHN,HP,12,0.0,0.0,0.0,
CHN,HP,13,0.0,0.0,0.0,
CHN,Iron,0,0.0,0.0,0.0,
CHN,Iron,1,0.0,0.0,0.0,
CHN,Iron,2,0.0,0.0,0.0,
CHN,Iron,3,0.0,0.0,0.0,
CHN,Iron,4,0.0,0.0,0.0,
CHN,Iron,5,0.0,0.0,0.0,
CHN,Iron,6,0.0,0.0,0.0,
CHN,Iron,7,0.0,0.0,0.0,
CHN,Iron,8,0.0,0.0,0.0,
CHN,Iron,9,0.0,0.0,0.0,
CHN,Iron,10,0.0,0.0,0.0,
CHN,Iron,11,0.0,0.0,0.0,
CHN,Iron,12,0.0,0.0,0.0,
CHN,Iron,13,0.0,0.0,0.0,
CHN,Nickel,0,37.540622592000034,37.540622592000034,1.7600000000000016,21.3298992
CHN,Nickel,1,37.540622592000005,37.540622592000005,1.76,21.329899200000003
CHN,Nickel,2,37.540622592000005,37.540622592000005,1.76,21.329899200000003
CHN,Nickel,3,37.540622592000005,37.540622592000005,1.76,21.329899200000003
CHN,Nickel,4,37.540622592000005,37.540622592000005,1.76,21.329899200000003
CHN,Nickel,5,98.4175925440063,98.4175925440063,4.6140674000000095,21.329899200000003
CHN,Nickel,6,273.02270976,273.02270976,12.8,21.3298992
CHN,Nickel,7,324.21446784,324.21446784,15.2,21.3298992
CHN,Nickel,8,375.40622592,375.40622592,17.6,21.3298992
CHN,Nickel,9,426.597984,426.597984,20.0,21.3298992
CHN,Nickel,10,477.78974208,477.78974208,22.4,21.3298992
CHN,Nickel,11,541.77943968,541.77943968,25.4,21.3298992
CHN,Nickel,12,605.76913728,605.76913728,28.4,21.3298992
CHN,Nickel,13,682.5567744,682.5567744,32.0,21.3298992
CHN,Refrigerant,0,0.0,0.0,0.0,
CHN,Refrigerant,1,0.0,0.0,0.0,
CHN,Refrigerant,2,0.0,0.0,0.0,
CHN,Refrigerant,3,0.0,0.0,0.0,
CHN,Refrigerant,4,0.0,0.0,0.0,
CHN,Refrigerant,5,0.0,0.0,0.0,
CHN,Refrigerant,6,0.0,0.0,0.0,
CHN,Refrigerant,7,0.0,0.0,0.0,
CHN,Refrigerant,8,0.0,0.0,0.0,
CHN,Refrigerant,9,0.0,0.0,0.0,
CHN,Refrigerant,10,0.0,0.0,0.0,
CHN,Refrigerant,11,0.0,0.0,0.0,
CHN,Refrigerant,12,0.0,0.0,0.0,
CHN,Refrigerant,13,0.0,0.0,0.0,
CHN,Steel,0,0.0,0.0,0.0,
CHN,Steel,1,0.0,0.0,0.0,
CHN,Steel,2,0.0,0.0,0.0,
CHN,Steel,3,0.0,0.0,0.0,
CHN,Steel,4,0.0,0.0,0.0,
CHN,Steel,5,0.0,0.0,0.0,
CHN,Steel,6,0.0,0.0,0.0,
CHN,Steel,7,0.0,0.0,0.0,
CHN,Steel,8,0.0,0.0,0.0,
CHN,Steel,9,0.0,0.0,0.0,
CHN,Steel,10,0.0,0.0,0.0,
CHN,Steel,11,0.0,0.0,0.0,
CHN,Steel,12,0.0,0.0,0.0,
CHN,Steel,13,0.0,0.0,0.0,
CZE,Aluminium,0,0.0,0.0,0.0,
CZE,Aluminium,1,0.0,0.0,0.0,
CZE,Aluminium,2,0.0,0.0,0.0,
CZE,Aluminium,3,0.0,0.0,0.0,
CZE,Aluminium,4,0.0,0.0,0.0,
CZE,Aluminium,5,0.0,0.0,0.0,
CZE,Aluminium,6,0.0,0.0,0.0,
CZE,Aluminium,7,26.010621064800063,26.010621064800063,2.060000000000005,12.62651508
CZE,Aluminium,8,30.960214976159996,30.960214976159996,2.4519999999999995,12.62651508
CZE,Aluminium,9,30.960214976159996,30.960214976159996,2.4519999999999995,12.62651508
CZE,Aluminium,10,30.960214976159996,30.960214976159996,2.4519999999999995,12.62651508
CZE,Aluminium,11,30.96021497616025,30.96021497616025,2.4520000000000195,12.62651508
CZE,Aluminium,12,30.96021497616013,30.96021497616013,2.45200000000001,12.62651508
CZE,Aluminium,13,120.17917053144,120.17917053144,9.518,12.626515079999999
CZE,Bauxite,0,207.8029126368,207.8029126368,88.08,2.35925196
CZE,Bauxite,1,207.8029126368,207.8029126368,88.08,2.35925196
CZE,Bauxite,2,207.8029126368,207.8029126368,88.08,2.35925196
CZE,Bauxite,3,207.8029126368,207.8029126368,88.08,2.35925196
CZE,Bauxite,4,207.8029126368,207.8029126368,88.08,2.35925196
CZE,Bauxite,5,207.8029126368,207.8029126368,88.08,2.35925196
CZE,Bauxite,6,207.8029126368,207.8029126368,88.08,2.35925196
CZE,Bauxite,7,207.8029126368,207.8029126368,88.08,2.35925196
CZE,Bauxite,8,207.8029126368,207.8029126368,88.08,2.35925196
CZE,Bauxite,9,207.8029126368,207.8029126368,88.08,2.35925196
CZE,Bauxite,10,207.8029126368,207.8029126368,88.08,2.35925196
CZE,Bauxite,11,207.8029126368,207.8029126368,88.08,2.35925196
CZE,Bauxite,12,207.8029126368,207.8029126368,88.08,2.35925196
CZE,Bauxite,13,207.8029126368,207.8029126368,88.08,2.35925196
CZE,Compressor,0,0.0,0.0,0.0,
CZE,Compressor,1,0.0,0.0,0.0,
CZE,Compressor,2,0.0,0.0,0.0,
CZE,Compressor,3,0.0,0.0,0.0,
CZE,Compressor,4,0.0,0.0,0.0,
CZE,Compressor,5,0.0,0.0,0.0,
CZE,Compressor,6,0.0,0.0,0.0,
CZE,Compressor,7,0.0,0.0,0.0,
CZE,Compressor,8,0.0,0.0,0.0,
CZE,Compressor,9,0.0,0.0,0.0,
CZE,Compressor,10,0.0,0.0,0.0,
CZE,Compressor,11,0.0,0.0,0.0,
CZE,Compressor,12,0.0,0.0,0.0,
CZE,Compressor,13,0.0,0.0,0.0,
CZE,Copper,0,0.0,0.0,0.0,
CZE,Copper,1,0.0,0.0,0.0,
CZE,Copper,2,0.0,0.0,0.0,
CZE,Copper,3,0.0,0.0,0.0,
CZE,Copper,4,0.0,0.0,0.0,
CZE,Copper,5,0.0,0.0,0.0,
CZE,Copper,6,0.0,0.0,0.0,
CZE,Copper,7,0.0,0.0,0.0,
CZE,Copper,8,0.0,0.0,0.0,
CZE,Copper,9,0.0,0.0,0.0,
CZE,Copper,10,0.0,0.0,0.0,
CZE,Copper,11,0.0,0.0,0.0,
CZE,Copper,12,0.0,0.0,0.0,
CZE,Copper,13,0.0,0.0,0.0,
CZE,Copper_ore,0,488.06592311749125,488.06592311749125,68.9479806043956,7.078755879999999
CZE,Copper_ore,1,495.89693410649,495.89693410649,70.05425,7.07875588
CZE,Copper_ore,2,551.822467967533,551.822467967533,77.95472500000001,7.078755879999999
CZE,Copper_ore,3,578.0262525463229,578.0262525463229,81.65647499999999,7.07875588
CZE,Copper_ore,4,633.4406254680412,633.4406254680412,89.48473943814561,7.07875588
CZE,Copper_ore,5,618.0518505328547,618.0518505328547,87.31049449439567,7.0787807824467945
CZE,Copper_ore,6,59.01976491580314,59.01976491580314,8.326125,7.088503345290053
CZE,Copper_ore,7,59.01976491580314,59.01976491580314,8.326125,7.088503345290053
CZE,Copper_ore,8,92.53266678622312,92.53266678622312,13.061086538461536,7.084607127725419
CZE,Copper_ore,9,92.53266678622312,92.53266678622312,13.061086538461534,7.08460712772542
CZE,Copper_ore,10,92.53266678622316,92.53266678622316,13.061086538461538,7.0846071277254214
CZE,Copper_ore,11,59.01976491580313,59.01976491580313,8.326124999999998,7.088503345290054
CZE,Copper_ore,12,59.01976491580314,59.01976491580314,8.326125,7.088503345290053
CZE,Copper_ore,13,59.01976491580313,59.01976491580313,8.326124999999998,7.088503345290054
CZE,HEX,0,0.0,0.0,0.0,
CZE,HEX,1,0.0,0.0,0.0,
CZE,HEX,2,1872.021534686,1872.021534686,0.95,1970.5489838800002
CZE,HEX,3,1872.021534686,1872.021534686,0.95,1970.5489838800002
CZE,HEX,4,1872.021534686,1872.021534686,0.95,1970.5489838800002
CZE,HEX,5,1872.021534686,1872.021534686,0.95,1970.5489838800002
CZE,HEX,6,1872.021534686,1872.021534686,0.95,1970.5489838800002
CZE,HEX,7,1872.021534686,1872.021534686,0.95,1970.5489838800002
CZE,HEX,8,1872.021534686,1872.021534686,0.95,1970.5489838800002
CZE,HEX,9,1872.021534686,1872.021534686,0.95,1970.5489838800002
CZE,HEX,10,1872.021534686,1872.021534686,0.95,1970.5489838800002
CZE,HEX,11,1872.021534686,1872.021534686,0.95,1970.5489838800002
CZE,HEX,12,1872.021534686,1872.021534686,0.95,1970.5489838800002
CZE,HEX,13,950.0,950.0,0.0,
CZE,HP,0,371.586645890752,371.586645890752,0.18052,2058.4236975999997
CZE,HP,1,539.7351609003009,539.7351609003009,0.262208,2058.4236976000007
CZE,HP,2,0.000262208,0.000262208,0.0,
CZE,HP,3,0.000262208,0.000262208,0.0,
CZE,HP,4,0.000262208,0.000262208,0.0,
CZE,HP,5,0.000262208,0.000262208,0.0,
CZE,HP,6,0.000262208,0.000262208,0.0,
CZE,HP,7,395.540592510723,395.540592510723,0.1921569999999999,2058.424062150862
CZE,HP,8,144.8641849222985,144.8641849222985,0.437324,331.25139466916636
CZE,HP,9,0.000986377,0.000986377,0.7241690000000001,0.0013620812268959317
CZE,HP,10,0.0013219849999999,0.0013219849999999,1.059777,0.0012474180888997401
CZE,HP,11,0.0017146469999999,0.0017146469999999,1.452439,0.0011805294404790148
CZE,HP,12,0.002174062,0.002174062,1.9118540000000002,0.0011371485479539755
CZE,HP,13,0.003435746,0.003435746,2.449369,0.0014027065746320788
CZE,Iron,0,0.0,0.0,0.0,
CZE,Iron,1,0.0,0.0,0.0,
CZE,Iron,2,0.0,0.0,0.0,
CZE,Iron,3,0.0,0.0,0.0,
CZE,Iron,4,0.0,0.0,0.0,
CZE,Iron,5,0.0,0.0,0.0,
CZE,Iron,6,0.0,0.0,0.0,
CZE,Iron,7,0.0,0.0,0.0,
CZE,Iron,8,0.0,0.0,0.0,
CZE,Iron,9,0.0,0.0,0.0,
CZE,Iron,10,0.0,0.0,0.0,
CZE,Iron,11,0.0,0.0,0.0,
CZE,Iron,12,0.0,0.0,0.0,
CZE,Iron,13,0.0,0.0,0.0,
CZE,Nickel,0,0.0,0.0,0.0,
CZE,Nickel,1,0.0,0.0,0.0,
CZE,Nickel,2,0.0,0.0,0.0,
CZE,Nickel,3,0.0,0.0,0.0,
CZE,Nickel,4,0.0,0.0,0.0,
CZE,Nickel,5,0.0,0.0,0.0,
CZE,Nickel,6,0.0,0.0,0.0,
CZE,Nickel,7,0.0,0.0,0.0,
CZE,Nickel,8,0.0,0.0,0.0,
CZE,Nickel,9,0.0,0.0,0.0,
CZE,Nickel,10,0.0,0.0,0.0,
CZE,Nickel,11,0.0,0.0,0.0,
CZE,Nickel,12,0.0,0.0,0.0,
CZE,Nickel,13,32.101564171199996,32.101564171199996,1.57,20.446856159999996
CZE,Refrigerant,0,4965.9876084,4965.9876084,0.170625,29104.68928
CZE,Refrigerant,1,4965.9876084,4965.9876084,0.170625,29104.68928
CZE,Refrigerant,2,20691.615035,20691.615035,0.7109375,29104.68928
CZE,Refrigerant,3,20691.615035,20691.615035,0.7109375,29104.68928
CZE,Refrigerant,4,20691.615035,20691.615035,0.7109375,29104.68928
CZE,Refrigerant,5,20691.615035,20691.615035,0.7109375,29104.68928
CZE,Refrigerant,6,20691.615035,20691.615035,0.7109375,29104.68928
CZE,Refrigerant,7,20691.615035,20691.615035,0.7109375,29104.68928
CZE,Refrigerant,8,39855.23388279999,39855.23388279999,1.3693749999999998,29104.68928
CZE,Refrigerant,9,39855.23388279999,39855.23388279999,1.3693749999999998,29104.68928
CZE,Refrigerant,10,39855.23388279999,39855.23388279999,1.3693749999999998,29104.68928
CZE,Refrigerant,11,20691.6156934375,20691.6156934375,0.7109375,29104.690206153846
CZE,Refrigerant,12,20691.6156934375,20691.6156934375,0.7109375,29104.690206153846
CZE,Refrigerant,13,20691.6156934375,20691.6156934375,0.7109375,29104.690206153846
CZE,Steel,0,113.17058387648,113.17058387648,17.264000000000003,6.555293319999999
CZE,Steel,1,113.17058387648,113.17058387648,17.264000000000003,6.555293319999999
CZE,Steel,2,184.60033753786,184.60033753786,28.160500000000003,6.55529332
CZE,Steel,3,184.60033753786,184.60033753786,28.160500000000003,6.55529332
CZE,Steel,4,184.60033753786,184.60033753786,28.160500000000003,6.55529332
CZE,Steel,5,184.60033753786,184.60033753786,28.160500000000003,6.55529332
CZE,Steel,6,184.60033753786,184.60033753786,28.160500000000003,6.55529332
CZE,Steel,7,184.60033753786,184.60033753786,28.160500000000003,6.55529332
CZE,Steel,8,184.60033753786,184.60033753786,28.160500000000003,6.55529332
CZE,Steel,9,184.60033753786,184.60033753786,28.160500000000003,6.55529332
CZE,Steel,10,184.60033753786,184.60033753786,28.160500000000003,6.55529332
CZE,Steel,11,184.60033753786,184.60033753786,28.160500000000003,6.55529332
CZE,Steel,12,184.60033753786,184.60033753786,28.160500000000003,6.55529332
CZE,Steel,13,184.60033753786,184.60033753786,28.160500000000003,6.55529332
DEU,Aluminium,0,119.09021614032001,119.09021614032001,5.068,23.498464116085245
DEU,Aluminium,1,119.09021614032001,119.09021614032001,5.068,23.498464116085245
DEU,Aluminium,2,119.09021614032001,119.09021614032001,5.068,23.498464116085245
DEU,Aluminium,3,119.09021614032001,119.09021614032001,5.068,23.498464116085245
DEU,Aluminium,4,119.09021614032001,119.09021614032001,5.068,23.498464116085245
DEU,Aluminium,5,119.09021614032001,119.09021614032001,5.068,23.498464116085245
DEU,Aluminium,6,125.73276314441573,125.73276314441573,5.068,24.809148213183846
DEU,Aluminium,7,133.59583542144,133.59583542144,5.068,26.36066208
DEU,Aluminium,8,133.59583542144,133.59583542144,5.068,26.36066208
DEU,Aluminium,9,133.59583542144,133.59583542144,5.068,26.36066208
DEU,Aluminium,10,133.59583542144,133.59583542144,5.068,26.36066208
DEU,Aluminium,11,133.59583542144,133.59583542144,5.068,26.36066208
DEU,Aluminium,12,133.59583542144,133.59583542144,5.068,26.36066208
DEU,Aluminium,13,16613.520447321247,16613.520447321247,52.71155436000005,315.1779652304913
DEU,Bauxite,0,0.0,0.0,309.84,0.0
DEU,Bauxite,1,0.0,0.0,309.84,0.0
DEU,Bauxite,2,0.0,0.0,309.84,0.0
DEU,Bauxite,3,0.0,0.0,309.84,0.0
DEU,Bauxite,4,0.0,0.0,309.84,0.0
DEU,Bauxite,5,0.0,0.0,309.84,0.0
DEU,Bauxite,6,0.0,0.0,309.84,0.0
DEU,Bauxite,7,0.0,0.0,309.84,0.0
DEU,Bauxite,8,0.0,0.0,309.84,0.0
DEU,Bauxite,9,0.0,0.0,309.84,0.0
DEU,Bauxite,10,0.0,0.0,309.84,0.0
DEU,Bauxite,11,0.1325244336,0.1325244336,176.04,0.0007528086434901159
DEU,Bauxite,12,0.1325244336,0.1325244336,176.04,0.0007528086434901159
DEU,Bauxite,13,0.1325244336,0.1325244336,176.04,0.0007528086434901159
DEU,Compressor,0,0.0,0.0,0.0,
DEU,Compressor,1,0.0,0.0,0.0,
DEU,Compressor,2,0.0,0.0,0.0,
DEU,Compressor,3,0.0,0.0,0.0,
DEU,Compressor,4,0.0,0.0,0.0,
DEU,Compressor,5,0.0,0.0,0.0,
DEU,Compressor,6,344.6349531462871,344.6349531462871,0.162417582417583,2121.906680400001
DEU,Compressor,7,344.63495314628574,344.63495314628574,0.1624175824175824,2121.9066804000004
DEU,Compressor,8,4432.802870211608,4432.802870211608,0.9699999999999996,4569.899866197536
DEU,Compressor,9,4432.802870211599,4432.802870211599,0.9699999999999992,4569.899866197528
DEU,Compressor,10,4048.5986072934415,4048.5986072934415,0.9699999999999996,4173.812997209735
DEU,Compressor,11,8995.14559320883,8995.14559320883,0.9699999999999998,9273.345972380239
DEU,Compressor,12,8995.145593209043,8995.145593209043,0.9700000000000035,9273.345972380423
DEU,Compressor,13,8995.145593208876,8995.145593208876,0.9700000000000033,9273.345972380253
DEU,Copper,0,0.0,0.0,0.0,
DEU,Copper,1,0.0,0.0,0.0,
DEU,Copper,2,0.0,0.0,0.0,
DEU,Copper,3,0.0,0.0,0.0,
DEU,Copper,4,0.0,0.0,0.0,
DEU,Copper,5,0.0,0.0,0.0,
DEU,Copper,6,0.0,0.0,0.0,
DEU,Copper,7,0.0,0.0,0.0,
DEU,Copper,8,0.0,0.0,0.0,
DEU,Copper,9,0.0,0.0,0.0,
DEU,Copper,10,0.0,0.0,0.0,
DEU,Copper,11,0.0,0.0,0.0,
DEU,Copper,12,0.0,0.0,0.0,
DEU,Copper,13,0.0,0.0,0.0,
DEU,Copper_ore,0,165.238146351288,165.238146351288,115.9295681043956,1.4253322
DEU,Copper_ore,1,166.8149477427175,166.8149477427175,117.0358375,1.4253322
DEU,Copper_ore,2,178.0757491555125,178.0757491555125,124.9363125,1.4253322000000002
DEU,Copper_ore,3,183.35197262686248,183.35197262686248,128.6380625,1.4253322
DEU,Copper_ore,4,200.63093913356633,200.63093913356633,140.7608269381456,1.4253322
DEU,Copper_ore,5,197.85741545889613,197.85741545889613,138.81358199439566,1.425346227769587
DEU,Copper_ore,6,78.85172873579687,78.85172873579687,55.261664314588074,1.4268793695194852
DEU,Copper_ore,7,2861.9274802661675,2861.9274802661675,85.56926569499987,33.44574079281132
DEU,Copper_ore,8,6591.497118034272,6591.497118034272,197.08579943749993,33.44481001090378
DEU,Copper_ore,9,10494.030516720943,10494.030516720943,313.77406100762346,33.444544405682976
DEU,Copper_ore,10,14019.084068780843,14019.084068780843,419.1754320938736,33.44443160409576
DEU,Copper_ore,11,20120.842878227835,20120.842878227835,601.621949587912,33.44432976890195
DEU,Copper_ore,12,21874.50954262388,21874.50954262388,654.0577120879119,33.44431101163092
DEU,Copper_ore,13,25640.451014394268,25640.451014394268,766.661787087912,33.44427940224718
DEU,HEX,0,3782.81330907,3782.81330907,2.25,1681.2503595866665
DEU,HEX,1,3782.81330907,3782.81330907,2.25,1681.2503595866665
DEU,HEX,2,4592.004973094,4592.004973094,2.25,2040.891099152889
DEU,HEX,3,4592.004973094,4592.004973094,2.25,2040.891099152889
DEU,HEX,4,9634.468709473997,9634.468709473997,3.3,2919.5359725678777
DEU,HEX,5,11075.172634153998,11075.172634153998,3.5999999999999996,3076.4368428205553
DEU,HEX,6,12479.463162935504,12479.463162935504,3.8924175824175844,3206.0956715709053
DEU,HEX,7,12479.463162935503,12479.463162935503,3.8924175824175844,3206.095671570905
DEU,HEX,8,18145.196925122,18145.196925122,4.699999999999999,3860.6801968344685
DEU,HEX,9,18145.196925122,18145.196925122,4.699999999999999,3860.6801968344685
DEU,HEX,10,18145.196925122,18145.196925122,4.699999999999999,3860.6801968344685
DEU,HEX,11,16757.753691314014,16757.753691314014,4.699999999999999,3565.479508790216
DEU,HEX,12,16757.753691314007,16757.753691314007,4.699999999999999,3565.479508790215
DEU,HEX,13,10154.28062884,10154.28062884,4.699999999999999,2160.485240178724
DEU,HP,0,0.0,0.0,0.0,
DEU,HP,1,0.0,0.0,0.0,
DEU,HP,2,0.0,0.0,0.0,
DEU,HP,3,0.0,0.0,0.0,
DEU,HP,4,0.0,0.0,0.0,
DEU,HP,5,0.0,0.0,0.0,
DEU,HP,6,0.0,0.0,0.0,
DEU,HP,7,0.0,0.0,0.0,
DEU,HP,8,0.0,0.0,0.0,
DEU,HP,9,0.0010566599999998999,0.0010566599999998999,1.0566600000000004,0.0009999999999999048
DEU,HP,10,0.0023752919999999,0.0023752919999999,2.375291999999999,0.0009999999999999584
DEU,HP,11,0.0039180919999999,0.0039180919999999,3.9180920000000006,0.0009999999999999744
DEU,HP,12,0.0061024386923076,0.0061024386923076,5.723166999999999,0.0010662695483650226
DEU,HP,13,0.0097568684175824,0.0097568684175824,7.835106000000001,0.0012452758670504775
DEU,Iron,0,437.05789845416814,437.05789845416814,171.74260000000004,2.5448426800000004
DEU,Iron,1,437.05789845416814,437.05789845416814,171.74260000000004,2.5448426800000004
DEU,Iron,2,481.4257036743601,481.4257036743601,189.177,2.5448426800000004
DEU,Iron,3,481.4257036743601,481.4257036743601,189.177,2.5448426800000004
DEU,Iron,4,530.4638041808881,530.4638041808881,208.44660000000005,2.54484268
DEU,Iron,5,544.4746900398961,544.4746900398961,213.9522000000001,2.5448426799999995
DEU,Iron,6,558.1314546079622,558.1314546079622,219.31864747252752,2.54484268
DEU,Iron,7,558.131454607962,558.131454607962,219.3186474725275,2.54484268
DEU,Iron,8,595.8479381895921,595.8479381895921,234.1394,2.544842680000001
DEU,Iron,9,595.8479381895921,595.8479381895921,234.1394,2.544842680000001
DEU,Iron,10,595.8479381895921,595.8479381895921,234.1394,2.544842680000001
DEU,Iron,11,595.8479381895921,595.8479381895921,234.1394,2.544842680000001
DEU,Iron,12,595.847938189592,595.847938189592,234.1394,2.54484268
DEU,Iron,13,595.847938189592,595.847938189592,234.1394,2.54484268
DEU,Nickel,0,5.405351780400001,5.405351780400001,2.53,2.1365026800000004
DEU,Nickel,1,5.405351780400001,5.405351780400001,2.53,2.1365026800000004
DEU,Nickel,2,6.3667779864,6.3667779864,2.98,2.13650268
DEU,Nickel,3,6.3667779864,6.3667779864,2.98,2.13650268
DEU,Nickel,4,6.3667779864,6.3667779864,2.98,2.13650268
DEU,Nickel,5,6.3667779864,6.3667779864,2.98,2.13650268
DEU,Nickel,6,6.366777986399998,6.366777986399998,2.979999999999999,2.13650268
DEU,Nickel,7,6.366777986399997,6.366777986399997,2.979999999999998,2.1365026800000004
DEU,Nickel,8,6.3667779864,6.3667779864,2.98,2.13650268
DEU,Nickel,9,6.3667779864,6.3667779864,2.98,2.13650268
DEU,Nickel,10,6.3667779864,6.3667779864,2.98,2.13650268
DEU,Nickel,11,6.3667779863999945,6.3667779863999945,2.9799999999999973,2.13650268
DEU,Nickel,12,6.366777986399997,6.366777986399997,2.979999999999998,2.1365026800000004
DEU,Nickel,13,9.7638172476,9.7638172476,4.57,2.13650268
DEU,Refrigerant,0,0.0,0.0,0.0,
DEU,Refrigerant,1,0.0,0.0,0.0,
DEU,Refrigerant,2,0.0,0.0,0.0,
DEU,Refrigerant,3,0.0,0.0,0.0,
DEU,Refrigerant,4,0.0,0.0,0.0,
DEU,Refrigerant,5,0.0,0.0,0.0,
DEU,Refrigerant,6,0.0,0.0,0.0,
DEU,Refrigerant,7,0.0,0.0,0.0,
DEU,Refrigerant,8,0.0,0.0,0.0,
DEU,Refrigerant,9,0.0,0.0,0.0,
DEU,Refrigerant,10,0.0,0.0,0.0,
DEU,Refrigerant,11,0.0,0.0,0.0,
DEU,Refrigerant,12,0.0,0.0,0.0,
DEU,Refrigerant,13,0.0,0.0,0.0,
DEU,Steel,0,0.0,0.0,0.0,
DEU,Steel,1,0.0,0.0,0.0,
DEU,Steel,2,0.0,0.0,0.0,
DEU,Steel,3,0.0,0.0,0.0,
DEU,Steel,4,0.0,0.0,0.0,
DEU,Steel,5,0.0,0.0,0.0,
DEU,Steel,6,0.0,0.0,0.0,
DEU,Steel,7,0.0,0.0,0.0,
DEU,Steel,8,0.0,0.0,0.0,
DEU,Steel,9,0.0,0.0,0.0,
DEU,Steel,10,0.0,0.0,0.0,
DEU,Steel,11,0.0,0.0,0.0,
DEU,Steel,12,0.0,0.0,0.0,
DEU,Steel,13,0.0,0.0,0.0,
ITA,Aluminium,0,484.15887766272,484.15887766272,14.144000000000002,34.23068987999999
ITA,Aluminium,1,484.15887766272,484.15887766272,14.144000000000002,34.23068987999999
ITA,Aluminium,2,484.15887766272,484.15887766272,14.144000000000002,34.23068987999999
ITA,Aluminium,3,484.15887766272,484.15887766272,14.144000000000002,34.23068987999999
ITA,Aluminium,4,484.15887766272,484.15887766272,14.144000000000002,34.23068987999999
ITA,Aluminium,5,484.15887766272,484.15887766272,14.144000000000002,34.23068987999999
ITA,Aluminium,6,465.5367004926568,465.5367004926568,13.599980079999977,34.23068988
ITA,Aluminium,7,372.9775969324799,372.9775969324799,10.895999999999995,34.23068988000001
ITA,Aluminium,8,359.55916649952,359.55916649952,10.504,34.23068988
ITA,Aluminium,9,359.55916649952,359.55916649952,10.504,34.23068988
ITA,Aluminium,10,359.55916649952,359.55916649952,10.504,34.23068988
ITA,Aluminium,11,359.55916649951945,359.55916649951945,10.503999999999984,34.23068988
ITA,Aluminium,12,359.5591664995197,359.5591664995197,10.50399999999999,34.23068988
ITA,Aluminium,13,3822.2585700499208,3822.2585700499208,10.504,363.8860024800001
ITA,Bauxite,0,0.0,0.0,0.0,
ITA,Bauxite,1,0.0,0.0,0.0,
ITA,Bauxite,2,0.0,0.0,0.0,
ITA,Bauxite,3,0.0,0.0,0.0,
ITA,Bauxite,4,0.0,0.0,0.0,
ITA,Bauxite,5,0.0,0.0,0.0,
ITA,Bauxite,6,0.0,0.0,0.0,
ITA,Bauxite,7,0.0,0.0,0.0,
ITA,Bauxite,8,0.0,0.0,0.0,
ITA,Bauxite,9,0.0,0.0,0.0,
ITA,Bauxite,10,0.0,0.0,0.0,
ITA,Bauxite,11,0.0,0.0,0.0,
ITA,Bauxite,12,0.0,0.0,0.0,
ITA,Bauxite,13,0.0,0.0,0.0,
ITA,Compressor,0,0.0,0.0,0.0,
ITA,Compressor,1,0.0,0.0,0.0,
ITA,Compressor,2,0.0,0.0,0.0,
ITA,Compressor,3,0.0,0.0,0.0,
ITA,Compressor,4,0.0,0.0,0.0,
ITA,Compressor,5,0.0,0.0,0.0,
ITA,Compressor,6,0.0,0.0,0.0,
ITA,Compressor,7,0.0,0.0,0.0,
ITA,Compressor,8,0.0,0.0,0.0,
ITA,Compressor,9,0.0,0.0,0.0,
ITA,Compressor,10,0.0,0.0,0.0,
ITA,Compressor,11,0.0,0.0,0.0,
ITA,Compressor,12,0.0,0.0,0.0,
ITA,Compressor,13,0.0,0.0,0.0,
ITA,Copper,0,0.0,0.0,0.0,
ITA,Copper,1,95.08713078353999,95.08713078353999,0.680025,139.82887509068047
ITA,Copper,2,95.08713078353999,95.08713078353999,0.680025,139.82887509068047
ITA,Copper,3,95.08713078353999,95.08713078353999,0.680025,139.82887509068047
ITA,Copper,4,95.08713078353999,95.08713078353999,0.680025,139.82887509068047
ITA,Copper,5,95.08713078353999,95.08713078353999,0.680025,139.82887509068047
ITA,Copper,6,95.08713078353999,95.08713078353999,0.680025,139.82887509068047
ITA,Copper,7,95.08713078353995,95.08713078353995,0.6800249999999997,139.82887509068047
ITA,Copper,8,100.14230104753976,100.14230104753976,0.6800249999999984,147.2626757068343
ITA,Copper,9,100.14230104753976,100.14230104753976,0.6800249999999984,147.2626757068343
ITA,Copper,10,100.14230104754,100.14230104754,0.680025,147.2626757068343
ITA,Copper,11,95.08733078353977,95.08733078353977,0.6800249999999984,139.82916919751477
ITA,Copper,12,95.08733078354,95.08733078354,0.680025,139.8291691975148
ITA,Copper,13,95.08733078353957,95.08733078353957,0.6800249999999971,139.82916919751477
ITA,Copper_ore,0,0.0,0.0,0.0,
ITA,Copper_ore,1,0.0,0.0,0.0,
ITA,Copper_ore,2,0.0,0.0,0.0,
ITA,Copper_ore,3,0.0,0.0,0.0,
ITA,Copper_ore,4,0.0,0.0,0.0,
ITA,Copper_ore,5,0.0,0.0,0.0,
ITA,Copper_ore,6,0.0,0.0,0.0,
ITA,Copper_ore,7,0.0,0.0,0.0,
ITA,Copper_ore,8,0.0,0.0,0.0,
ITA,Copper_ore,9,0.0,0.0,0.0,
ITA,Copper_ore,10,0.0,0.0,0.0,
ITA,Copper_ore,11,0.0,0.0,0.0,
ITA,Copper_ore,12,0.0,0.0,0.0,
ITA,Copper_ore,13,0.0,0.0,0.0,
ITA,HEX,0,0.0,0.0,0.0,
ITA,HEX,1,0.0,0.0,0.0,
ITA,HEX,2,0.0,0.0,0.0,
ITA,HEX,3,0.0,0.0,0.0,
ITA,HEX,4,0.0,0.0,0.0,
ITA,HEX,5,0.0,0.0,0.0,
ITA,HEX,6,0.0,0.0,0.0,
ITA,HEX,7,0.0,0.0,0.0,
ITA,HEX,8,0.0,0.0,0.0,
ITA,HEX,9,0.0,0.0,0.0,
ITA,HEX,10,0.0,0.0,0.0,
ITA,HEX,11,0.0,0.0,0.0,
ITA,HEX,12,0.0,0.0,0.0,
ITA,HEX,13,0.0,0.0,0.0,
ITA,HP,0,0.004018792,0.004018792,4.018792,0.001
ITA,HP,1,0.004701987,0.004701987,4.701987,0.001
ITA,HP,2,0.005501324,0.005501324,5.501324,0.001
ITA,HP,3,0.00643655,0.00643655,6.43655,0.001
ITA,HP,4,0.007530763,0.007530763,7.530763,0.001
ITA,HP,5,0.008810993,0.008810993,8.810993,0.001
ITA,HP,6,0.010308861,0.010308861,10.308861,0.001
ITA,HP,7,0.012061368,0.012061368,12.061368,0.001
ITA,HP,8,0.0141118,0.0141118,14.1118,0.001
ITA,HP,9,0.016510806,0.016510806,16.510806,0.001
ITA,HP,10,0.0193176429999999,0.0193176429999999,19.317643,0.0009999999999999948
ITA,HP,11,0.0245640413076922,0.0245640413076922,22.601643,0.00108682547139127
ITA,HP,12,0.026443921999999898,0.026443921999999898,26.443922,0.0009999999999999961
ITA,HP,13,0.030939388999999897,0.030939388999999897,30.939388999999995,0.0009999999999999968
ITA,Iron,0,0.0,0.0,0.0,
ITA,Iron,1,0.0,0.0,0.0,
ITA,Iron,2,0.0,0.0,0.0,
ITA,Iron,3,0.0,0.0,0.0,
ITA,Iron,4,0.0,0.0,0.0,
ITA,Iron,5,0.0,0.0,0.0,
ITA,Iron,6,0.0,0.0,0.0,
ITA,Iron,7,0.0,0.0,0.0,
ITA,Iron,8,0.0,0.0,0.0,
ITA,Iron,9,0.0,0.0,0.0,
ITA,Iron,10,0.0,0.0,0.0,
ITA,Iron,11,0.0,0.0,0.0,
ITA,Iron,12,0.0,0.0,0.0,
ITA,Iron,13,0.0,0.0,0.0,
ITA,Nickel,0,361.3955048712001,361.3955048712001,1.11,325.5815359200001
ITA,Nickel,1,361.3955048712001,361.3955048712001,1.11,325.5815359200001
ITA,Nickel,2,507.9071960352,507.9071960352,1.56,325.58153591999996
ITA,Nickel,3,507.9071960352,507.9071960352,1.56,325.58153591999996
ITA,Nickel,4,507.9071960352,507.9071960352,1.56,325.58153591999996
ITA,Nickel,5,507.9071960352,507.9071960352,1.56,325.58153591999996
ITA,Nickel,6,507.9071960351997,507.9071960351997,1.5599999999999992,325.58153592
ITA,Nickel,7,507.9071960351996,507.9071960351996,1.5599999999999987,325.58153592
ITA,Nickel,8,507.9071960352,507.9071960352,1.56,325.58153591999996
ITA,Nickel,9,507.9071960352,507.9071960352,1.56,325.58153591999996
ITA,Nickel,10,507.9071960352,507.9071960352,1.56,325.58153591999996
ITA,Nickel,11,507.9071960351992,507.9071960351992,1.5599999999999976,325.58153591999996
ITA,Nickel,12,507.9071960351996,507.9071960351996,1.5599999999999987,325.58153592
ITA,Nickel,13,507.9071960352,507.9071960352,1.56,325.58153591999996
ITA,Refrigerant,0,0.0,0.0,0.0,
ITA,Refrigerant,1,0.0,0.0,0.0,
ITA,Refrigerant,2,0.0,0.0,0.0,
ITA,Refrigerant,3,0.0,0.0,0.0,
ITA,Refrigerant,4,0.0,0.0,0.0,
ITA,Refrigerant,5,0.0,0.0,0.0,
ITA,Refrigerant,6,0.0,0.0,0.0,
ITA,Refrigerant,7,0.0,0.0,0.0,
ITA,Refrigerant,8,0.0,0.0,0.0,
ITA,Refrigerant,9,0.0,0.0,0.0,
ITA,Refrigerant,10,0.0,0.0,0.0,
ITA,Refrigerant,11,0.0,0.0,0.0,
ITA,Refrigerant,12,0.0,0.0,0.0,
ITA,Refrigerant,13,0.0,0.0,0.0,
ITA,Steel,0,64.04574816176782,64.04574816176782,2.7915582417582376,22.9426516
ITA,Steel,1,192.6207671707,192.6207671707,8.39575,22.9426516
ITA,Steel,2,192.6207671707,192.6207671707,8.39575,22.9426516
ITA,Steel,3,192.6207671707,192.6207671707,8.39575,22.9426516
ITA,Steel,4,192.6207671707,192.6207671707,8.39575,22.9426516
ITA,Steel,5,192.6207671707,192.6207671707,8.39575,22.9426516
ITA,Steel,6,192.6207671707,192.6207671707,8.39575,22.9426516
ITA,Steel,7,192.6207671706999,192.6207671706999,8.395749999999998,22.942651599999994
ITA,Steel,8,192.62076717069985,192.62076717069985,8.395749999999992,22.9426516
ITA,Steel,9,192.62076717069985,192.62076717069985,8.395749999999992,22.9426516
ITA,Steel,10,192.6207671707,192.6207671707,8.39575,22.9426516
ITA,Steel,11,192.62076717069985,192.62076717069985,8.395749999999992,22.9426516
ITA,Steel,12,192.6207671707,192.6207671707,8.39575,22.9426516
ITA,Steel,13,192.62076717069965,192.62076717069965,8.395749999999985,22.942651599999998
JPN,Aluminium,0,1573.596456437616,1573.596456437616,24.23992439560439,64.91754804
JPN,Aluminium,1,1686.546939711739,1686.546939711739,25.979831195604397,64.91754804
JPN,Aluminium,2,1941.55402678032,1941.55402678032,29.908,64.91754804
JPN,Aluminium,3,1941.55402678032,1941.55402678032,29.908,64.91754804
JPN,Aluminium,4,1941.55402678032,1941.55402678032,29.908,64.91754804
JPN,Aluminium,5,1941.55402678032,1941.55402678032,29.908,64.91754804
JPN,Aluminium,6,1941.55402678032,1941.55402678032,29.908,64.91754804
JPN,Aluminium,7,1941.55402678032,1941.55402678032,29.908,64.91754804
JPN,Aluminium,8,1941.55402678032,1941.55402678032,29.908,64.91754804
JPN,Aluminium,9,1941.55402678032,1941.55402678032,29.908,64.91754804
JPN,Aluminium,10,1941.55402678032,1941.55402678032,29.908,64.91754804
JPN,Aluminium,11,1941.55402678032,1941.55402678032,29.908,64.91754804
JPN,Aluminium,12,1941.55402678032,1941.55402678032,29.908,64.91754804
JPN,Aluminium,13,1941.55402678032,1941.55402678032,29.908,64.91754804
JPN,Bauxite,0,942.3356126352,942.3356126352,4.76,197.96966652000003
JPN,Bauxite,1,942.3356126352,942.3356126352,4.76,197.96966652000003
JPN,Bauxite,2,942.3356126352,942.3356126352,4.76,197.96966652000003
JPN,Bauxite,3,942.3356126352,942.3356126352,4.76,197.96966652000003
JPN,Bauxite,4,942.3356126352,942.3356126352,4.76,197.96966652000003
JPN,Bauxite,5,942.3356126352,942.3356126352,4.76,197.96966652000003
JPN,Bauxite,6,942.3356126352,942.3356126352,4.76,197.96966652000003
JPN,Bauxite,7,942.3356126352,942.3356126352,4.76,197.96966652000003
JPN,Bauxite,8,942.3356126352,942.3356126352,4.76,197.96966652000003
JPN,Bauxite,9,942.3356126352,942.3356126352,4.76,197.96966652000003
JPN,Bauxite,10,942.3356126352,942.3356126352,4.76,197.96966652000003
JPN,Bauxite,11,942.3356126352,942.3356126352,4.76,197.96966652000003
JPN,Bauxite,12,942.3356126352,942.3356126352,4.76,197.96966652000003
JPN,Bauxite,13,942.3356126352,942.3356126352,4.76,197.96966652000003
JPN,Compressor,0,0.0,0.0,0.0,
JPN,Compressor,1,0.0,0.0,0.0,
JPN,Compressor,2,0.0,0.0,0.0,
JPN,Compressor,3,0.0,0.0,0.0,
JPN,Compressor,4,0.0,0.0,0.0,
JPN,Compressor,5,0.0,0.0,0.0,
JPN,Compressor,6,0.0,0.0,0.0,
JPN,Compressor,7,0.0,0.0,0.0,
JPN,Compressor,8,0.0,0.0,0.0,
JPN,Compressor,9,0.0,0.0,0.0,
JPN,Compressor,10,0.0,0.0,0.0,
JPN,Compressor,11,0.0,0.0,0.0,
JPN,Compressor,12,0.0,0.0,0.0,
JPN,Compressor,13,0.0,0.0,0.0,
JPN,Copper,0,8378.083180395744,8378.083180395744,32.70606,256.1630224
JPN,Copper,1,8986.36961288107,8986.36961288107,35.0806667125,256.16302239999993
JPN,Copper,2,12858.27581940812,12858.27581940812,50.195675,256.1630224
JPN,Copper,3,12858.27581940812,12858.27581940812,50.195675,256.1630224
JPN,Copper,4,12858.27581940812,12858.27581940812,50.195675,256.1630224
JPN,Copper,5,12858.27581940812,12858.27581940812,50.195675,256.1630224
JPN,Copper,6,19036.08152793154,19036.08152793154,74.3123708862499,256.1630224
JPN,Copper,7,22015.293306350417,22015.293306350417,85.94251074994506,256.1630224
JPN,Copper,8,29198.4859452416,29198.4859452416,113.984,256.1630224
JPN,Copper,9,30560.5047353424,30560.5047353424,119.301,256.1630224
JPN,Copper,10,31922.523525443197,31922.523525443197,124.618,256.1630224
JPN,Copper,11,31922.523525443197,31922.523525443197,124.618,256.1630224
JPN,Copper,12,31922.523525443197,31922.523525443197,124.618,256.1630224
JPN,Copper,13,31922.523525443197,31922.523525443197,124.618,256.1630224
JPN,Copper_ore,0,0.0,0.0,0.0,
JPN,Copper_ore,1,0.0,0.0,0.0,
JPN,Copper_ore,2,0.0,0.0,0.0,
JPN,Copper_ore,3,0.0,0.0,0.0,
JPN,Copper_ore,4,0.0,0.0,0.0,
JPN,Copper_ore,5,0.0,0.0,0.0,
JPN,Copper_ore,6,0.0,0.0,0.0,
JPN,Copper_ore,7,0.0,0.0,0.0,
JPN,Copper_ore,8,0.0,0.0,0.0,
JPN,Copper_ore,9,0.0,0.0,0.0,
JPN,Copper_ore,10,0.0,0.0,0.0,
JPN,Copper_ore,11,0.0,0.0,0.0,
JPN,Copper_ore,12,0.0,0.0,0.0,
JPN,Copper_ore,13,0.0,0.0,0.0,
JPN,HEX,0,0.0,0.0,0.0,
JPN,HEX,1,0.0,0.0,0.0,
JPN,HEX,2,2201.2019281728008,2201.2019281728008,1.4400000000000004,1528.6124501200002
JPN,HEX,3,2201.2019281728008,2201.2019281728008,1.4400000000000004,1528.6124501200002
JPN,HEX,4,2201.2019281728008,2201.2019281728008,1.4400000000000004,1528.6124501200002
JPN,HEX,5,2201.2019281728008,2201.2019281728008,1.4400000000000004,1528.6124501200002
JPN,HEX,6,16256.843216827296,16256.843216827296,5.813918999999981,2796.19362031486
JPN,HEX,7,17277.208662063054,17277.208662063054,6.139185010989011,2814.2511801057008
JPN,HEX,8,24434.661579611166,24434.661579611166,8.8,2776.666088592178
JPN,HEX,9,26421.857764767166,26421.857764767166,10.100000000000001,2616.0255212640755
JPN,HEX,10,28409.053949923167,28409.053949923167,11.400000000000002,2492.022276309049
JPN,HEX,11,29466.726324371975,29466.726324371975,11.4,2584.8005547694715
JPN,HEX,12,29466.726324371975,29466.726324371975,11.4,2584.8005547694715
JPN,HEX,13,29466.726324371975,29466.726324371975,11.4,2584.8005547694715
JPN,HP,0,0.0,0.0,0.0,
JPN,HP,1,0.0,0.0,0.0,
JPN,HP,2,0.0,0.0,0.0,
JPN,HP,3,0.0,0.0,0.0,
JPN,HP,4,0.0,0.0,0.0,
JPN,HP,5,0.0,0.0,0.0,
JPN,HP,6,0.0,0.0,0.0,
JPN,HP,7,0.0,0.0,0.0,
JPN,HP,8,0.0,0.0,0.0,
JPN,HP,9,0.0,0.0,0.0,
JPN,HP,10,0.0,0.0,0.0,
JPN,HP,11,0.0,0.0,0.0,
JPN,HP,12,0.0,0.0,0.0,
JPN,HP,13,0.0,0.0,0.0,
JPN,Iron,0,2066.8659950861315,2066.8659950861315,178.35545600000003,11.5884652
JPN,Iron,1,2216.0511174514218,2216.0511174514218,191.22904364,11.588465200000003
JPN,Iron,2,3165.654413463777,3165.654413463777,273.1728800000001,11.5884652
JPN,Iron,3,3165.654413463777,3165.654413463777,273.1728800000001,11.5884652
JPN,Iron,4,3165.654413463777,3165.654413463777,273.1728800000001,11.5884652
JPN,Iron,5,3165.654413463777,3165.654413463777,273.1728800000001,11.5884652
JPN,Iron,6,4680.790460160469,4680.790460160469,403.91806674799943,11.5884652
JPN,Iron,7,5717.411565158517,5717.411565158517,493.3709051616703,11.588465200000002
JPN,Iron,8,7894.989571456,7894.989571456,681.28,11.5884652
JPN,Iron,9,8171.46253881152,8171.46253881152,705.1376,11.5884652
JPN,Iron,10,8447.935506167041,8447.935506167041,728.9952000000001,11.5884652
JPN,Iron,11,8447.935506167041,8447.935506167041,728.9952000000001,11.5884652
JPN,Iron,12,8447.935506167041,8447.935506167041,728.9952000000001,11.5884652
JPN,Iron,13,8447.935506167041,8447.935506167041,728.9952000000001,11.5884652
JPN,Nickel,0,0.0,0.0,0.0,
JPN,Nickel,1,0.0,0.0,0.0,
JPN,Nickel,2,0.0,0.0,0.0,
JPN,Nickel,3,0.0,0.0,0.0,
JPN,Nickel,4,0.0,0.0,0.0,
JPN,Nickel,5,0.0,0.0,0.0,
JPN,Nickel,6,0.0,0.0,0.0,
JPN,Nickel,7,0.0,0.0,0.0,
JPN,Nickel,8,0.0,0.0,0.0,
JPN,Nickel,9,0.0,0.0,0.0,
JPN,Nickel,10,0.0,0.0,0.0,
JPN,Nickel,11,0.0,0.0,0.0,
JPN,Nickel,12,0.0,0.0,0.0,
JPN,Nickel,13,0.0,0.0,0.0,
JPN,Refrigerant,0,0.0,0.0,0.0,
JPN,Refrigerant,1,0.0,0.0,0.0,
JPN,Refrigerant,2,0.0,0.0,0.0,
JPN,Refrigerant,3,0.0,0.0,0.0,
JPN,Refrigerant,4,0.0,0.0,0.0,
JPN,Refrigerant,5,0.0,0.0,0.0,
JPN,Refrigerant,6,0.0,0.0,0.0,
JPN,Refrigerant,7,0.0,0.0,0.0,
JPN,Refrigerant,8,0.0,0.0,0.0,
JPN,Refrigerant,9,0.0,0.0,0.0,
JPN,Refrigerant,10,0.0,0.0,0.0,
JPN,Refrigerant,11,0.0,0.0,0.0,
JPN,Refrigerant,12,0.0,0.0,0.0,
JPN,Refrigerant,13,0.0,0.0,0.0,
JPN,Steel,0,0.0,0.0,0.0,
JPN,Steel,1,0.0,0.0,0.0,
JPN,Steel,2,0.0,0.0,0.0,
JPN,Steel,3,0.0,0.0,0.0,
JPN,Steel,4,0.0,0.0,0.0,
JPN,Steel,5,0.0,0.0,0.0,
JPN,Steel,6,0.0,0.0,0.0,
JPN,Steel,7,0.0,0.0,0.0,
JPN,Steel,8,0.0,0.0,0.0,
JPN,Steel,9,0.0,0.0,0.0,
JPN,Steel,10,0.0,0.0,0.0,
JPN,Steel,11,0.0,0.0,0.0,
JPN,Steel,12,0.0,0.0,0.0,
JPN,Steel,13,0.0,0.0,0.0,
KOR,Aluminium,0,1137.040151463083,1137.040151463083,26.663924395604393,42.64339092000001
KOR,Aluminium,1,1211.2356772998492,1211.2356772998492,28.403831195604397,42.643390919999995
KOR,Aluminium,2,1378.74611522544,1378.74611522544,32.332,42.64339092
KOR,Aluminium,3,1378.74611522544,1378.74611522544,32.332,42.64339092
KOR,Aluminium,4,1378.74611522544,1378.74611522544,32.332,42.64339092
KOR,Aluminium,5,1378.74611522544,1378.74611522544,32.332,42.64339092
KOR,Aluminium,6,1447.65783495216,1447.65783495216,33.948,42.64339092
KOR,Aluminium,7,1447.65783495216,1447.65783495216,33.948,42.64339092
KOR,Aluminium,8,1447.65783495216,1447.65783495216,33.948,42.64339092
KOR,Aluminium,9,1447.65783495216,1447.65783495216,33.948,42.64339092
KOR,Aluminium,10,1447.65783495216,1447.65783495216,33.948,42.64339092
KOR,Aluminium,11,1447.65783495216,1447.65783495216,33.948,42.64339092
KOR,Aluminium,12,1447.65783495216,1447.65783495216,33.948,42.64339092
KOR,Aluminium,13,1447.65783495216,1447.65783495216,33.948,42.64339092
KOR,Bauxite,0,163.60028551679997,163.60028551679997,4.72,34.66107743999999
KOR,Bauxite,1,163.60028551679997,163.60028551679997,4.72,34.66107743999999
KOR,Bauxite,2,163.60028551679997,163.60028551679997,4.72,34.66107743999999
KOR,Bauxite,3,163.60028551679997,163.60028551679997,4.72,34.66107743999999
KOR,Bauxite,4,163.60028551679997,163.60028551679997,4.72,34.66107743999999
KOR,Bauxite,5,163.60028551679997,163.60028551679997,4.72,34.66107743999999
KOR,Bauxite,6,163.60028551679997,163.60028551679997,4.72,34.66107743999999
KOR,Bauxite,7,163.60028551679997,163.60028551679997,4.72,34.66107743999999
KOR,Bauxite,8,163.60028551679997,163.60028551679997,4.72,34.66107743999999
KOR,Bauxite,9,163.60028551679997,163.60028551679997,4.72,34.66107743999999
KOR,Bauxite,10,163.60028551679997,163.60028551679997,4.72,34.66107743999999
KOR,Bauxite,11,163.60028551679997,163.60028551679997,4.72,34.66107743999999
KOR,Bauxite,12,163.60028551679997,163.60028551679997,4.72,34.66107743999999
KOR,Bauxite,13,163.60028551679997,163.60028551679997,4.72,34.66107743999999
KOR,Compressor,0,0.0,0.0,0.0,
KOR,Compressor,1,0.0,0.0,0.0,
KOR,Compressor,2,0.0,0.0,0.0,
KOR,Compressor,3,0.0,0.0,0.0,
KOR,Compressor,4,0.0,0.0,0.0,
KOR,Compressor,5,0.0,0.0,0.0,
KOR,Compressor,6,0.0,0.0,0.0,
KOR,Compressor,7,0.0,0.0,0.0,
KOR,Compressor,8,0.0,0.0,0.0,
KOR,Compressor,9,0.0,0.0,0.0,
KOR,Compressor,10,0.0,0.0,0.0,
KOR,Compressor,11,0.0,0.0,0.0,
KOR,Compressor,12,0.0,0.0,0.0,
KOR,Compressor,13,0.0,0.0,0.0,
KOR,Copper,0,0.0,0.0,0.0,
KOR,Copper,1,0.0,0.0,0.0,
KOR,Copper,2,0.0,0.0,0.0,
KOR,Copper,3,0.0,0.0,0.0,
KOR,Copper,4,0.0,0.0,0.0,
KOR,Copper,5,0.0,0.0,0.0,
KOR,Copper,6,0.0,0.0,0.0,
KOR,Copper,7,0.0,0.0,0.0,
KOR,Copper,8,0.0,0.0,0.0,
KOR,Copper,9,0.0,0.0,0.0,
KOR,Copper,10,0.0,0.0,0.0,
KOR,Copper,11,0.0,0.0,0.0,
KOR,Copper,12,0.0,0.0,0.0,
KOR,Copper,13,0.0,0.0,0.0,
KOR,Copper_ore,0,73383.479985138,73383.479985138,52.71551934065934,1392.065959
KOR,Copper_ore,1,76689.08915562213,76689.08915562213,55.09012605315934,1392.0659589999998
KOR,Copper_ore,2,97730.1776626538,97730.1776626538,70.20513434065936,1392.065959
KOR,Copper_ore,3,113128.62570336364,113128.62570336364,81.26671367255496,1392.065959
KOR,Copper_ore,4,127657.68169046016,127657.68169046016,91.70375934065936,1392.0659589999998
KOR,Copper_ore,5,137373.16130260707,137373.16130260707,99.47675934065934,1380.9573433345477
KOR,Copper_ore,6,189268.99845028264,189268.99845028264,135.96266493255487,1392.0659656396901
KOR,Copper_ore,7,227227.15804868907,227227.15804868907,163.230165695,1392.065964530534
KOR,Copper_ore,8,287526.8270219151,287526.8270219151,206.54684087362637,1392.0659633706794
KOR,Copper_ore,9,328726.63265888696,328726.63265888696,236.143,1392.0659628228952
KOR,Copper_ore,10,342391.152112431,342391.152112431,245.959,1392.0659626703273
KOR,Copper_ore,11,281066.0341347061,281066.0341347061,201.90565494505495,1392.06618165892
KOR,Copper_ore,12,281066.0341347061,281066.0341347061,201.90565494505495,1392.06618165892
KOR,Copper_ore,13,281066.0341347061,281066.0341347061,201.90565494505495,1392.06618165892
KOR,HEX,0,10237.797533945617,10237.797533945617,3.029010989010989,3379.9142925157857
KOR,HEX,1,10237.797533945617,10237.797533945617,3.029010989010989,3379.9142925157857
KOR,HEX,2,19165.37236673868,19165.37236673868,4.4690109890109895,4288.504193403216
KOR,HEX,3,19165.37236673868,19165.37236673868,4.4690109890109895,4288.504193403216
KOR,HEX,4,19165.37236673868,19165.37236673868,4.4690109890109895,4288.504193403216
KOR,HEX,5,19165.37236673868,19165.37236673868,4.4690109890109895,4288.504193403216
KOR,HEX,6,19165.37236673868,19165.37236673868,4.4690109890109895,4288.504193403216
KOR,HEX,7,19962.986209278588,19962.986209278588,4.624975000000026,4316.344674139531
KOR,HEX,8,47556.45915698852,47556.45915698852,10.020554274725296,4745.891080789764
KOR,HEX,9,84563.156868901,84563.156868901,17.256779000000027,4900.2862509220795
KOR,HEX,10,99970.28567669228,99970.28567669228,19.65677900000003,5085.791811399627
KOR,HEX,11,61366.52917556498,61366.52917556498,10.72901098901099,5719.681827003312
KOR,HEX,12,61366.52917556498,61366.52917556498,10.72901098901099,5719.681827003312
KOR,HEX,13,61366.52917556498,61366.52917556498,10.72901098901099,5719.681827003312
KOR,HP,0,113966.20067002405,113966.20067002405,8.6,13251.883798840006
KOR,HP,1,207377.66956296843,207377.66956296843,15.648920010989016,13251.883798840001
KOR,HP,2,293425.43745965854,293425.43745965854,21.64699101098902,13555.02191092989
KOR,HP,3,389438.85160870256,389438.85160870256,28.99979701098901,13429.0199155922
KOR,HP,4,464161.1360182433,464161.1360182433,34.753714,13355.72756391571
KOR,HP,5,514903.8916836982,514903.8916836982,38.70643299999999,13302.798831493938
KOR,HP,6,641723.4847747628,641723.4847747628,47.458789999999986,13521.699242116432
KOR,HP,7,708698.2678860426,708698.2678860426,52.58422401098901,13477.393290769858
KOR,HP,8,818743.3904225985,818743.3904225985,60.462708000000006,13541.295411753612
KOR,HP,9,913490.4724121724,913490.4724121724,67.493382,13534.519168296714
KOR,HP,10,1014816.3664433495,1014816.3664433495,75.03228800000001,13525.062256442845
KOR,HP,11,1678673.0702089805,1678673.0702089805,125.315343010989,13395.59091388974
KOR,HP,12,1772079.0195503628,1772079.0195503628,132.56518201098902,13367.605223847284
KOR,HP,13,2055351.4938014182,2055351.4938014182,154.157062010989,13332.840331731955
KOR,Iron,0,910.6930414471288,910.6930414471288,286.8338524835166,3.1749845200000006
KOR,Iron,1,951.566482920992,951.566482920992,299.70744012351656,3.17498452
KOR,Iron,2,1211.7368948734052,1211.7368948734052,381.6512764835166,3.1749845199999998
KOR,Iron,3,1496.3997639861757,1496.3997639861757,471.30931019032977,3.174984520000001
KOR,Iron,4,1764.9906474214854,1764.9906474214854,555.9052764835167,3.1749845199999998
KOR,Iron,5,1970.170847041965,1970.170847041965,620.5292764835166,3.1749845199999998
KOR,Iron,6,2703.5987150940778,2703.5987150940778,851.5313060783294,3.17498452
KOR,Iron,7,3390.0278561232312,3390.0278561232312,1067.7305148320002,3.17498452
KOR,Iron,8,4204.251013891123,4204.251013891123,1324.1800038417582,3.17498452
KOR,Iron,9,4625.886405961985,4625.886405961985,1456.9792000000002,3.1749845199999998
KOR,Iron,10,4765.72796414848,4765.72796414848,1501.024,3.17498452
KOR,Iron,11,4138.329013961174,4138.329013961174,1303.3548096703298,3.1751361818413217
KOR,Iron,12,4138.329013961174,4138.329013961174,1303.3548096703298,3.1751361818413217
KOR,Iron,13,4138.329013961174,4138.329013961174,1303.3548096703298,3.1751361818413217
KOR,Nickel,0,18.82906652294612,18.82906652294612,5.801793406593409,3.245387280000001
KOR,Nickel,1,17.990451959019552,17.990451959019552,5.5433914065934085,3.245387279999999
KOR,Nickel,2,16.097120908800004,16.097120908800004,4.960000000000001,3.2453872800000005
KOR,Nickel,3,16.097120908800004,16.097120908800004,4.960000000000001,3.2453872800000005
KOR,Nickel,4,16.097120908800004,16.097120908800004,4.960000000000001,3.2453872800000005
KOR,Nickel,5,16.097120908800004,16.097120908800004,4.960000000000001,3.2453872800000005
KOR,Nickel,6,335.24071779732185,335.24071779732185,13.2,25.397024075554686
KOR,Nickel,7,382.07868690960004,382.07868690960004,15.600000000000001,24.492223519846153
KOR,Nickel,8,446.42025794159997,446.42025794159997,17.999999999999993,24.801125441200007
KOR,Nickel,9,499.4513006616001,499.4513006616001,20.400000000000002,24.482906895176473
KOR,Nickel,10,563.7928716936,563.7928716936,22.799999999999997,24.727757530421055
KOR,Nickel,11,630.0816750936001,630.0816750936001,25.799999999999997,24.421770352465124
KOR,Nickel,12,691.4650694616,691.4650694616,28.799999999999997,24.009203800750004
KOR,Nickel,13,782.3221618536002,782.3221618536002,32.400000000000006,24.145745736222224
KOR,Refrigerant,0,0.0,0.0,0.0,
KOR,Refrigerant,1,0.0,0.0,0.0,
KOR,Refrigerant,2,0.0,0.0,0.0,
KOR,Refrigerant,3,0.0,0.0,0.0,
KOR,Refrigerant,4,0.0,0.0,0.0,
KOR,Refrigerant,5,0.0,0.0,0.0,
KOR,Refrigerant,6,0.0,0.0,0.0,
KOR,Refrigerant,7,0.0,0.0,0.0,
KOR,Refrigerant,8,311392.59602112544,311392.59602112544,2.1241471874999975,146596.52488
KOR,Refrigerant,9,806335.86053683,806335.86053683,5.500375,146596.52488
KOR,Refrigerant,10,898050.31141488,898050.31141488,6.1259999999999994,146596.52488
KOR,Refrigerant,11,0.0061259999999999,0.0061259999999999,0.0,
KOR,Refrigerant,12,0.0061259999999999,0.0061259999999999,0.0,
KOR,Refrigerant,13,0.0061259999999999,0.0061259999999999,0.0,
KOR,Steel,0,0.0,0.0,0.0,
KOR,Steel,1,0.0,0.0,0.0,
KOR,Steel,2,0.0,0.0,0.0,
KOR,Steel,3,0.0,0.0,0.0,
KOR,Steel,4,0.0,0.0,0.0,
KOR,Steel,5,0.0,0.0,0.0,
KOR,Steel,6,0.0,0.0,0.0,
KOR,Steel,7,0.0,0.0,0.0,
KOR,Steel,8,0.0,0.0,0.0,
KOR,Steel,9,0.0,0.0,0.0,
KOR,Steel,10,0.0,0.0,0.0,
KOR,Steel,11,0.0,0.0,0.0,
KOR,Steel,12,0.0,0.0,0.0,
KOR,Steel,13,0.0,0.0,0.0,
ROE,Aluminium,0,283.86727254288,283.86727254288,18.988,14.949824760000002
ROE,Aluminium,1,283.86727254288,283.86727254288,18.988,14.949824760000002
ROE,Aluminium,2,283.86727254288,283.86727254288,18.988,14.949824760000002
ROE,Aluminium,3,283.86727254288,283.86727254288,18.988,14.949824760000002
ROE,Aluminium,4,283.86727254288,283.86727254288,18.988,14.949824760000002
ROE,Aluminium,5,283.86727254288,283.86727254288,18.988,14.949824760000002
ROE,Aluminium,6,283.86727254288,283.86727254288,18.988,14.949824760000002
ROE,Aluminium,7,283.86727254288,283.86727254288,18.988,14.949824760000002
ROE,Aluminium,8,283.86727254288,283.86727254288,18.988,14.949824760000002
ROE,Aluminium,9,283.86727254288,283.86727254288,18.988,14.949824760000002
ROE,Aluminium,10,283.86727254288,283.86727254288,18.988,14.949824760000002
ROE,Aluminium,11,283.86727254288,283.86727254288,18.988,14.949824760000002
ROE,Aluminium,12,283.86727254288,283.86727254288,18.988,14.949824760000002
ROE,Aluminium,13,996.1300611684148,996.1300611684148,66.63155436000005,14.949824760000002
ROE,Bauxite,0,0.0,0.0,0.0,
ROE,Bauxite,1,0.0,0.0,0.0,
ROE,Bauxite,2,0.0,0.0,0.0,
ROE,Bauxite,3,0.0,0.0,0.0,
ROE,Bauxite,4,0.0,0.0,0.0,
ROE,Bauxite,5,0.0,0.0,0.0,
ROE,Bauxite,6,0.0,0.0,0.0,
ROE,Bauxite,7,0.0,0.0,0.0,
ROE,Bauxite,8,0.0,0.0,0.0,
ROE,Bauxite,9,0.0,0.0,0.0,
ROE,Bauxite,10,0.0,0.0,0.0,
ROE,Bauxite,11,0.0,0.0,0.0,
ROE,Bauxite,12,0.0,0.0,0.0,
ROE,Bauxite,13,0.0,0.0,0.0,
ROE,Compressor,0,0.0,0.0,0.0,
ROE,Compressor,1,0.0,0.0,0.0,
ROE,Compressor,2,0.0,0.0,0.0,
ROE,Compressor,3,0.0,0.0,0.0,
ROE,Compressor,4,0.0,0.0,0.0,
ROE,Compressor,5,0.0,0.0,0.0,
ROE,Compressor,6,1564.836820502402,1564.836820502402,1.0500000000000007,1490.320781430858
ROE,Compressor,7,3187.159006878197,3187.159006878197,1.6875824175824172,1888.5945798392654
ROE,Compressor,8,23885.11703038825,23885.11703038825,1.6875824175824192,14153.452170120001
ROE,Compressor,9,23885.11703038825,23885.11703038825,1.6875824175824192,14153.452170120001
ROE,Compressor,10,23848.61247881871,23848.61247881871,1.687582417582419,14131.820899736284
ROE,Compressor,11,3187.1590068781975,3187.1590068781975,1.6875824175824174,1888.5945798392654
ROE,Compressor,12,3187.1590068782516,3187.1590068782516,1.6875824175824388,1888.5945798392736
ROE,Compressor,13,3187.1590068781975,3187.1590068781975,1.6875824175824174,1888.5945798392654
ROE,Copper,0,0.0,0.0,0.0,
ROE,Copper,1,0.0,0.0,0.0,
ROE,Copper,2,0.0,0.0,0.0,
ROE,Copper,3,0.0,0.0,0.0,
ROE,Copper,4,0.0,0.0,0.0,
ROE,Copper,5,0.0,0.0,0.0,
ROE,Copper,6,0.0,0.0,0.0,
ROE,Copper,7,0.0,0.0,0.0,
ROE,Copper,8,0.0,0.0,0.0,
ROE,Copper,9,0.0,0.0,0.0,
ROE,Copper,10,0.0,0.0,0.0,
ROE,Copper,11,0.0,0.0,0.0,
ROE,Copper,12,0.0,0.0,0.0,
ROE,Copper,13,0.0,0.0,0.0,
ROE,Copper_ore,0,0.0,0.0,0.0,
ROE,Copper_ore,1,0.0,0.0,0.0,
ROE,Copper_ore,2,0.0,0.0,0.0,
ROE,Copper_ore,3,0.0,0.0,0.0,
ROE,Copper_ore,4,0.0,0.0,0.0,
ROE,Copper_ore,5,0.0,0.0,0.0,
ROE,Copper_ore,6,0.0,0.0,0.0,
ROE,Copper_ore,7,0.0,0.0,0.0,
ROE,Copper_ore,8,0.0,0.0,0.0,
ROE,Copper_ore,9,0.0,0.0,0.0,
ROE,Copper_ore,10,133.61295009412086,133.61295009412086,46.88725805541202,2.8496644
ROE,Copper_ore,11,667.0173472323823,667.0173472323823,234.068737087912,2.849664399999999
ROE,Copper_ore,12,816.4416729154873,816.4416729154873,286.50449958791194,2.8496644
ROE,Copper_ore,13,1137.3254967379175,1137.3254967379175,399.108574587912,2.8496644
ROE,HEX,0,34096.663067124005,34096.663067124005,9.3,3666.3078566800004
ROE,HEX,1,34096.663067124005,34096.663067124005,9.3,3666.3078566800004
ROE,HEX,2,34096.663067124005,34096.663067124005,9.3,3666.3078566800004
ROE,HEX,3,43629.06349449201,43629.06349449201,11.9,3666.307856680001
ROE,HEX,4,47295.371351172005,47295.371351172005,12.9,3666.3078566800004
ROE,HEX,5,50961.67920785201,50961.67920785201,13.9,3666.3078566800004
ROE,HEX,6,54994.6178502,54994.6178502,15.0,3666.30785668
ROE,HEX,7,57332.19127706344,57332.19127706344,15.637582417582417,3666.3078566799995
ROE,HEX,8,57332.19127706344,57332.19127706344,15.637582417582417,3666.3078566799995
ROE,HEX,9,57332.19127706345,57332.19127706345,15.63758241758242,3666.3078566799995
ROE,HEX,10,57332.19127706344,57332.19127706344,15.637582417582417,3666.3078566799995
ROE,HEX,11,57332.19127706345,57332.19127706345,15.63758241758242,3666.3078566799995
ROE,HEX,12,57332.19127706345,57332.19127706345,15.63758241758242,3666.3078566799995
ROE,HEX,13,25888.532041858292,25888.532041858292,3.844623417582405,6733.697746172926
ROE,HP,0,6031.132533939829,6031.132533939829,5.70549670329669,1057.0740546489112
ROE,HP,1,4917.9369551882955,4917.9369551882955,8.632736703296692,569.6845767704489
ROE,HP,2,4893.320059806731,4893.320059806731,12.424063703296698,393.858255774099
ROE,HP,3,3389.959499094031,3389.959499094031,13.904000703296692,243.8118043456556
ROE,HP,4,4871.6899045194605,4871.6899045194605,17.623854274725257,276.4259071017203
ROE,HP,5,4038.2943437741014,4038.2943437741014,19.71376558241757,204.846422003506
ROE,HP,6,2901.2638336886407,2901.2638336886407,26.05574758241757,111.3483243768609
ROE,HP,7,93.80245031118197,93.80245031118197,34.00855516483515,2.7582015718260715
ROE,HP,8,0.045245627857142805,0.045245627857142805,43.01077485714285,0.001051960305468173
ROE,HP,9,0.0542980298571428,0.0542980298571428,52.06317685714284,0.0010429257900671758
ROE,HP,10,0.0646663175824175,0.0646663175824175,62.43146458241758,0.001035796901689686
ROE,HP,11,0.08169434085714279,0.08169434085714279,79.45948785714286,0.0010281256909686844
ROE,HP,12,0.09519981958241759,0.09519981958241759,92.9649665824176,0.0010240397332689697
ROE,HP,13,0.11446125258241749,0.11446125258241749,112.2263995824176,0.0010199137904121983
ROE,Iron,0,0.0,0.0,0.0,
ROE,Iron,1,0.0,0.0,0.0,
ROE,Iron,2,0.0,0.0,0.0,
ROE,Iron,3,0.0,0.0,0.0,
ROE,Iron,4,0.0,0.0,0.0,
ROE,Iron,5,0.0,0.0,0.0,
ROE,Iron,6,0.0,0.0,0.0,
ROE,Iron,7,0.0,0.0,0.0,
ROE,Iron,8,0.0,0.0,0.0,
ROE,Iron,9,0.0,0.0,0.0,
ROE,Iron,10,0.0,0.0,0.0,
ROE,Iron,11,0.0,0.0,0.0,
ROE,Iron,12,0.0,0.0,0.0,
ROE,Iron,13,0.0,0.0,0.0,
ROE,Nickel,0,252.22869504986215,252.22869504986215,5.35,47.14555047660975
ROE,Nickel,1,255.00922845817996,255.00922845817996,5.35,47.66527634732336
ROE,Nickel,2,286.0156724592,286.0156724592,5.8,49.31304697572414
ROE,Nickel,3,286.0156724592,286.0156724592,5.8,49.31304697572414
ROE,Nickel,4,286.0156724592,286.0156724592,5.8,49.31304697572414
ROE,Nickel,5,237.92050061830025,237.92050061830025,4.365932599999993,54.49477177414526
ROE,Nickel,6,0.0,0.0,0.0,
ROE,Nickel,7,0.0,0.0,0.0,
ROE,Nickel,8,0.0,0.0,0.0,
ROE,Nickel,9,0.0,0.0,0.0,
ROE,Nickel,10,0.0,0.0,0.0,
ROE,Nickel,11,0.0,0.0,0.0,
ROE,Nickel,12,0.0,0.0,0.0,
ROE,Nickel,13,0.0,0.0,0.0,
ROE,Refrigerant,0,0.0,0.0,0.0,
ROE,Refrigerant,1,0.0,0.0,0.0,
ROE,Refrigerant,2,0.0,0.0,0.0,
ROE,Refrigerant,3,0.0,0.0,0.0,
ROE,Refrigerant,4,0.0,0.0,0.0,
ROE,Refrigerant,5,0.0,0.0,0.0,
ROE,Refrigerant,6,0.0,0.0,0.0,
ROE,Refrigerant,7,0.0,0.0,0.0,
ROE,Refrigerant,8,0.0,0.0,0.0,
ROE,Refrigerant,9,0.0,0.0,0.0,
ROE,Refrigerant,10,0.0,0.0,0.0,
ROE,Refrigerant,11,0.0,0.0,0.0,
ROE,Refrigerant,12,0.0,0.0,0.0,
ROE,Refrigerant,13,0.0,0.0,0.0,
ROE,Steel,0,0.0,0.0,0.0,
ROE,Steel,1,0.0,0.0,0.0,
ROE,Steel,2,0.0,0.0,0.0,
ROE,Steel,3,0.0,0.0,0.0,
ROE,Steel,4,0.0,0.0,0.0,
ROE,Steel,5,0.0,0.0,0.0,
ROE,Steel,6,0.0,0.0,0.0,
ROE,Steel,7,0.0,0.0,0.0,
ROE,Steel,8,0.0,0.0,0.0,
ROE,Steel,9,0.0,0.0,0.0,
ROE,Steel,10,0.0,0.0,0.0,
ROE,Steel,11,0.0,0.0,0.0,
ROE,Steel,12,0.0,0.0,0.0,
ROE,Steel,13,0.0,0.0,0.0,
ROW,Aluminium,0,46143.770053905006,46143.770053905006,104.4460756043956,441.7951539766904
ROW,Aluminium,1,62518.31576118395,62518.31576118395,139.92087524439563,446.81192604023573
ROW,Aluminium,2,78945.38999027197,78945.38999027197,174.43006636000007,452.59049450419496
ROW,Aluminium,3,100320.72920798864,100320.72920798864,220.73888552,454.4769217786918
ROW,Aluminium,4,124244.18896815047,124244.18896815047,272.56810612,455.8280524334388
ROW,Aluminium,5,142207.0834607006,142207.0834607006,311.4839999999999,456.54699265676777
ROW,Aluminium,6,143266.46877918724,143266.46877918724,311.484,459.94808330183014
ROW,Aluminium,7,168975.6799414614,168975.6799414614,366.21871183999997,461.40646143522684
ROW,Aluminium,8,198057.9127735071,198057.9127735071,429.0845619999999,461.58247188000007
ROW,Aluminium,9,233957.68975845035,233957.68975845035,506.8599957999999,461.5824718799999
ROW,Aluminium,10,273759.9679291858,273759.9679291858,593.09004264,461.58247187999996
ROW,Aluminium,11,320199.28001424327,320199.28001424327,693.6989585200001,461.58247188
ROW,Aluminium,12,370555.1072058884,370555.1072058884,802.7928480400001,461.5824718799999
ROW,Aluminium,13,402795.3282613632,402795.3282613632,872.64,461.58247188
ROW,Bauxite,0,0.0,0.0,0.0,
ROW,Bauxite,1,0.0,0.0,0.0,
ROW,Bauxite,2,0.0,0.0,0.0,
ROW,Bauxite,3,0.0,0.0,0.0,
ROW,Bauxite,4,0.0,0.0,0.0,
ROW,Bauxite,5,0.0,0.0,0.0,
ROW,Bauxite,6,0.0,0.0,0.0,
ROW,Bauxite,7,0.0,0.0,0.0,
ROW,Bauxite,8,0.0,0.0,0.0,
ROW,Bauxite,9,0.0,0.0,0.0,
ROW,Bauxite,10,0.0,0.0,0.0,
ROW,Bauxite,11,0.0,0.0,0.0,
ROW,Bauxite,12,0.0,0.0,0.0,
ROW,Bauxite,13,0.0,0.0,0.0,
ROW,Compressor,0,0.0,0.0,0.0,
ROW,Compressor,1,0.0,0.0,0.0,
ROW,Compressor,2,0.0,0.0,0.0,
ROW,Compressor,3,0.0,0.0,0.0,
ROW,Compressor,4,0.0,0.0,0.0,
ROW,Compressor,5,0.0,0.0,0.0,
ROW,Compressor,6,0.0,0.0,0.0,
ROW,Compressor,7,0.0,0.0,0.0,
ROW,Compressor,8,0.0,0.0,0.0,
ROW,Compressor,9,0.0,0.0,0.0,
ROW,Compressor,10,0.0,0.0,0.0,
ROW,Compressor,11,0.0,0.0,0.0,
ROW,Compressor,12,0.0,0.0,0.0,
ROW,Compressor,13,0.0,0.0,0.0,
ROW,Copper,0,0.0,0.0,0.0,
ROW,Copper,1,0.0,0.0,0.0,
ROW,Copper,2,0.0,0.0,0.0,
ROW,Copper,3,0.0,0.0,0.0,
ROW,Copper,4,0.0,0.0,0.0,
ROW,Copper,5,0.0,0.0,0.0,
ROW,Copper,6,0.0,0.0,0.0,
ROW,Copper,7,0.0,0.0,0.0,
ROW,Copper,8,0.0,0.0,0.0,
ROW,Copper,9,0.0,0.0,0.0,
ROW,Copper,10,0.0,0.0,0.0,
ROW,Copper,11,0.0,0.0,0.0,
ROW,Copper,12,0.0,0.0,0.0,
ROW,Copper,13,0.0,0.0,0.0,
ROW,Copper_ore,0,32627.606324739976,32627.606324739976,65.613625,497.2687658202085
ROW,Copper_ore,1,32663.87315392656,32663.87315392656,65.613625,497.82149902442615
ROW,Copper_ore,2,34662.61398865153,34662.61398865153,69.6286,497.8214984740685
ROW,Copper_ore,3,36505.42468733412,36505.42468733412,73.33035,497.8214980200438
ROW,Copper_ore,4,40402.50294997508,40402.50294997508,81.1586144381456,497.8214971963023
ROW,Copper_ore,5,39320.11926782807,39320.11926782807,78.98436949439566,497.82152493624744
ROW,Copper_ore,6,0.0817848588337499,0.0817848588337499,0.0,
ROW,Copper_ore,7,0.0817848588337499,0.0817848588337499,0.0,
ROW,Copper_ore,8,0.0817848588337499,0.0817848588337499,0.0,
ROW,Copper_ore,9,0.0817848588337499,0.0817848588337499,0.0,
ROW,Copper_ore,10,0.0817848588337499,0.0817848588337499,0.0,
ROW,Copper_ore,11,0.0817848588337499,0.0817848588337499,0.0,
ROW,Copper_ore,12,0.0817848588337499,0.0817848588337499,0.0,
ROW,Copper_ore,13,0.0817848588337499,0.0817848588337499,0.0,
ROW,HEX,0,0.0,0.0,0.0,
ROW,HEX,1,0.0,0.0,0.0,
ROW,HEX,2,0.0,0.0,0.0,
ROW,HEX,3,0.0,0.0,0.0,
ROW,HEX,4,0.0,0.0,0.0,
ROW,HEX,5,0.0,0.0,0.0,
ROW,HEX,6,0.0,0.0,0.0,
ROW,HEX,7,0.0,0.0,0.0,
ROW,HEX,8,0.0,0.0,0.0,
ROW,HEX,9,0.0,0.0,0.0,
ROW,HEX,10,0.0,0.0,0.0,
ROW,HEX,11,0.0,0.0,0.0,
ROW,HEX,12,0.0,0.0,0.0,
ROW,HEX,13,0.0,0.0,0.0,
ROW,HP,0,0.0,0.0,0.0,
ROW,HP,1,0.0007825449999999,0.0007825449999999,0.7825449999999998,0.0009999999999998723
ROW,HP,2,0.0008534549999999,0.0008534549999999,0.8534549999999985,0.0009999999999998844
ROW,HP,3,0.001801536,0.001801536,1.8015360000000005,0.0009999999999999998
ROW,HP,4,0.0028787624175824,0.0028787624175824,2.8787624175824273,0.0009999999999999905
ROW,HP,5,0.0028787624175824,0.0028787624175824,2.8787624175824273,0.0009999999999999905
ROW,HP,6,0.0028787624175824,0.0028787624175824,2.8787624175824273,0.0009999999999999905
ROW,HP,7,0.0028787624175824,0.0028787624175824,2.8787624175824273,0.0009999999999999905
ROW,HP,8,0.0028787624175824,0.0028787624175824,2.8787624175824273,0.0009999999999999905
ROW,HP,9,151535.8209243067,151535.8209243067,5.6938826923076995,26613.793980867922
ROW,HP,10,554441.2961629104,554441.2961629104,10.3,53829.25205465149
ROW,HP,11,0.0191314914175824,0.0191314914175824,8.831491417582424,0.0021662809273067887
ROW,HP,12,0.0191314914175824,0.0191314914175824,0.0,
ROW,HP,13,0.0191314914175824,0.0191314914175824,0.0,
ROW,Iron,0,0.0,0.0,0.0,
ROW,Iron,1,0.0,0.0,0.0,
ROW,Iron,2,0.0,0.0,0.0,
ROW,Iron,3,0.0,0.0,0.0,
ROW,Iron,4,0.0,0.0,0.0,
ROW,Iron,5,0.0,0.0,0.0,
ROW,Iron,6,0.0,0.0,0.0,
ROW,Iron,7,0.0,0.0,0.0,
ROW,Iron,8,0.0,0.0,0.0,
ROW,Iron,9,0.0,0.0,0.0,
ROW,Iron,10,0.0,0.0,0.0,
ROW,Iron,11,0.0,0.0,0.0,
ROW,Iron,12,0.0,0.0,0.0,
ROW,Iron,13,0.0,0.0,0.0,
ROW,Nickel,0,168.25218720019583,168.25218720019583,2.711793406593409,62.04461844
ROW,Nickel,1,152.21973370606307,152.21973370606307,2.4533914065934104,62.04461844000001
ROW,Nickel,2,88.10335818480017,88.10335818480017,1.4200000000000026,62.04461844000001
ROW,Nickel,3,88.10335818480017,88.10335818480017,1.4200000000000026,62.04461844000001
ROW,Nickel,4,88.10335818480017,88.10335818480017,1.4200000000000026,62.04461844000001
ROW,Nickel,5,0.0,0.0,0.0,
ROW,Nickel,6,0.0,0.0,0.0,
ROW,Nickel,7,0.0,0.0,0.0,
ROW,Nickel,8,0.0,0.0,0.0,
ROW,Nickel,9,0.0,0.0,0.0,
ROW,Nickel,10,0.0,0.0,0.0,
ROW,Nickel,11,0.0,0.0,0.0,
ROW,Nickel,12,0.0,0.0,0.0,
ROW,Nickel,13,0.0,0.0,0.0,
ROW,Refrigerant,0,0.0,0.0,0.0,
ROW,Refrigerant,1,0.0,0.0,0.0,
ROW,Refrigerant,2,0.0,0.0,0.0,
ROW,Refrigerant,3,0.0,0.0,0.0,
ROW,Refrigerant,4,0.0,0.0,0.0,
ROW,Refrigerant,5,0.0,0.0,0.0,
ROW,Refrigerant,6,0.0,0.0,0.0,
ROW,Refrigerant,7,0.0,0.0,0.0,
ROW,Refrigerant,8,0.0,0.0,0.0,
ROW,Refrigerant,9,0.0,0.0,0.0,
ROW,Refrigerant,10,0.0,0.0,0.0,
ROW,Refrigerant,11,0.0,0.0,0.0,
ROW,Refrigerant,12,0.0,0.0,0.0,
ROW,Refrigerant,13,0.0,0.0,0.0,
ROW,Steel,0,0.0,0.0,0.0,
ROW,Steel,1,0.0,0.0,0.0,
ROW,Steel,2,0.0,0.0,0.0,
ROW,Steel,3,0.0,0.0,0.0,
ROW,Steel,4,0.0,0.0,0.0,
ROW,Steel,5,0.0,0.0,0.0,
ROW,Steel,6,0.0,0.0,0.0,
ROW,Steel,7,0.0,0.0,0.0,
ROW,Steel,8,0.0,0.0,0.0,
ROW,Steel,9,0.0,0.0,0.0,
ROW,Steel,10,0.0,0.0,0.0,
ROW,Steel,11,0.0,0.0,0.0,
ROW,Steel,12,0.0,0.0,0.0,
ROW,Steel,13,0.0,0.0,0.0,
USA,Aluminium,0,27577.8863528256,27577.8863528256,67.408,409.1188932
USA,Aluminium,1,27577.8863528256,27577.8863528256,67.408,409.1188932
USA,Aluminium,2,27577.8863528256,27577.8863528256,67.408,409.1188932
USA,Aluminium,3,27577.8863528256,27577.8863528256,67.408,409.1188932
USA,Aluminium,4,27577.8863528256,27577.8863528256,67.408,409.1188932
USA,Aluminium,5,27577.8863528256,27577.8863528256,67.408,409.1188932
USA,Aluminium,6,27581.18248532835,27581.18248532835,67.408,409.1677914391222
USA,Aluminium,7,27597.56548216512,27597.56548216512,67.408,409.4108337610539
USA,Aluminium,8,28554.927134994243,28554.927134994243,67.408,423.6133268305578
USA,Aluminium,9,28554.927134994243,28554.927134994243,67.408,423.6133268305578
USA,Aluminium,10,29612.532893053438,29612.532893053438,67.408,439.30294465127935
USA,Aluminium,11,29612.53289305343,29612.53289305343,67.408,439.30294465127923
USA,Aluminium,12,31727.744409171835,31727.744409171835,67.408,470.6821802927224
USA,Aluminium,13,33716.18828722464,33716.18828722464,67.408,500.1808136604653
USA,Bauxite,0,20589.515324927997,20589.515324927997,133.76,153.9287928
USA,Bauxite,1,20589.515324927997,20589.515324927997,133.76,153.9287928
USA,Bauxite,2,20589.515324927997,20589.515324927997,133.76,153.9287928
USA,Bauxite,3,20589.515324927997,20589.515324927997,133.76,153.9287928
USA,Bauxite,4,20589.515324927997,20589.515324927997,133.76,153.9287928
USA,Bauxite,5,20589.515324927997,20589.515324927997,133.76,153.9287928
USA,Bauxite,6,20589.515324927997,20589.515324927997,133.76,153.9287928
USA,Bauxite,7,20589.515324927997,20589.515324927997,133.76,153.9287928
USA,Bauxite,8,20589.515324927997,20589.515324927997,133.76,153.9287928
USA,Bauxite,9,20589.515324927997,20589.515324927997,133.76,153.9287928
USA,Bauxite,10,20589.515324927997,20589.515324927997,133.76,153.9287928
USA,Bauxite,11,20852.1743688192,20852.1743688192,133.76,155.89245192
USA,Bauxite,12,20852.1743688192,20852.1743688192,133.76,155.89245192
USA,Bauxite,13,20852.1743688192,20852.1743688192,133.76,155.89245192
USA,Compressor,0,291216.85055984155,291216.85055984155,23.35298901098901,12470.217427962058
USA,Compressor,1,301513.4298237408,301513.4298237408,24.13,12495.376287763813
USA,Compressor,2,335517.5521762608,335517.5521762608,26.0,12904.521237548492
USA,Compressor,3,345877.95223822084,345877.95223822084,26.0,13302.998163008493
USA,Compressor,4,410364.41609421925,410364.41609421925,29.448342010989016,13935.060111061148
USA,Compressor,5,537825.6838232495,537825.6838232495,36.93776801098902,14560.318957638316
USA,Compressor,6,623812.8753292916,623812.8753292916,41.24535042857144,15124.441151484665
USA,Compressor,7,843555.1485475478,843555.1485475478,51.9,16253.471070280304
USA,Compressor,8,954936.9156196441,954936.9156196441,57.00000000000001,16753.279221397264
USA,Compressor,9,1090969.592514027,1090969.592514027,62.50000000000001,17455.51348022443
USA,Compressor,10,1261755.9978825545,1261755.9978825545,68.4,18446.725115242025
USA,Compressor,11,1125691.811657052,1125691.811657052,68.4,16457.482626565088
USA,Compressor,12,1125691.811657052,1125691.811657052,68.4,16457.482626565088
USA,Compressor,13,1075131.523893828,1075131.523893828,68.4,15718.297132950702
USA,Copper,0,0.0,0.0,0.0,
USA,Copper,1,0.0,0.0,0.0,
USA,Copper,2,0.0,0.0,0.0,
USA,Copper,3,0.0,0.0,0.0,
USA,Copper,4,0.0,0.0,0.0,
USA,Copper,5,0.0,0.0,0.0,
USA,Copper,6,0.0,0.0,0.0,
USA,Copper,7,0.0,0.0,0.0,
USA,Copper,8,0.0,0.0,0.0,
USA,Copper,9,0.0,0.0,0.0,
USA,Copper,10,0.0,0.0,0.0,
USA,Copper,11,0.0,0.0,0.0,
USA,Copper,12,0.0,0.0,0.0,
USA,Copper,13,0.0,0.0,0.0,
USA,Copper_ore,0,59187.914868284686,59187.914868284686,139.62372505494503,423.91015455999997
USA,Copper_ore,1,60535.09071843074,60535.09071843074,142.80169999999998,423.91015455999997
USA,Copper_ore,2,63777.282753552,63777.282753552,150.45,423.91015456
USA,Copper_ore,3,63777.282753552,63777.282753552,150.45,423.91015456
USA,Copper_ore,4,69755.99238050524,69755.99238050524,164.55371882494504,423.91015456
USA,Copper_ore,5,82741.1032493983,82741.1032493983,195.18547116494508,423.91015455999997
USA,Copper_ore,6,90209.55747662506,90209.55747662506,212.8034832528572,423.91015455999997
USA,Copper_ore,7,108655.1747420236,108655.1747420236,256.381,423.8035374775183
USA,Copper_ore,8,117434.9964933986,117434.9964933986,277.23999999999995,423.586049968975
USA,Copper_ore,9,126900.35518493527,126900.35518493527,299.7349999999999,423.37516534583983
USA,Copper_ore,10,137094.36545707026,137094.36545707026,323.866,423.3058285126264
USA,Copper_ore,11,137094.36545707026,137094.36545707026,323.866,423.3058285126264
USA,Copper_ore,12,137094.36545707026,137094.36545707026,323.866,423.3058285126264
USA,Copper_ore,13,137094.36545707026,137094.36545707026,323.866,423.3058285126264
USA,HEX,0,22624.204484689064,22624.204484689064,6.152989010989007,3676.9453747248835
USA,HEX,1,25608.156941865585,25608.156941865585,6.929999999999996,3695.260741971948
USA,HEX,2,32789.511097516006,32789.511097516006,8.8,3726.0808065359097
USA,HEX,3,32789.511097516006,32789.511097516006,8.8,3726.0808065359097
USA,HEX,4,46032.16630110947,46032.16630110947,12.24834201098901,3758.236523752372
USA,HEX,5,74793.78155701119,74793.78155701119,19.73776801098902,3789.3738296736333
USA,HEX,6,91336.17454915671,91336.17454915671,24.04535042857144,3798.496296424452
USA,HEX,7,131918.15407018398,131918.15407018398,34.7,3801.6759098035727
USA,HEX,8,151503.665403776,151503.665403776,39.8,3806.624758888844
USA,HEX,9,175965.424198376,175965.424198376,45.3,3884.446450295276
USA,HEX,10,198623.172603904,198623.172603904,51.2,3879.35883992
USA,HEX,11,197283.043678864,197283.043678864,51.2,3853.184446852812
USA,HEX,12,197612.97921634399,197612.97921634399,51.2,3859.6285003192183
USA,HEX,13,197612.97921634399,197612.97921634399,51.2,3859.6285003192183
USA,HP,0,0.0002048912857142,0.0002048912857142,0.2048912857142992,0.0009999999999995158
USA,HP,1,0.0021347972967033,0.0021347972967033,2.1347972967033124,0.0009999999999999942
USA,HP,2,0.0030646302967033,0.0030646302967033,3.06463029670331,0.0009999999999999968
USA,HP,3,0.0061897142967033,0.0061897142967033,6.189714296703304,0.0009999999999999994
USA,HP,4,0.0061897142967033,0.0061897142967033,6.189714296703302,0.0009999999999999996
USA,HP,5,0.0061897142967033,0.0061897142967033,6.0435179890109865,0.0010241905969268468
USA,HP,6,0.0061897142967033,0.0061897142967033,6.08658457142856,0.001016943775949298
USA,HP,7,0.0061897142967033,0.0061897142967033,0.0,
USA,HP,8,0.0061897142967033,0.0061897142967033,0.0,
USA,HP,9,0.0061897142967033,0.0061897142967033,0.9508027252747304,0.00650998796297603
USA,HP,10,0.0061897142967033,0.0061897142967033,0.6503067252747243,0.00951814590889927
USA,HP,11,0.0084073317252747,0.0084073317252747,8.407331725274705,0.0009999999999999994
USA,HP,12,0.0084073317252747,0.0084073317252747,8.407331725274705,0.0009999999999999994
USA,HP,13,0.0134042509999999,0.0134042509999999,13.404250999999988,0.0009999999999999935
USA,Iron,0,0.0,0.0,0.0,
USA,Iron,1,0.0,0.0,0.0,
USA,Iron,2,0.0,0.0,0.0,
USA,Iron,3,0.0,0.0,0.0,
USA,Iron,4,0.0,0.0,0.0,
USA,Iron,5,0.0,0.0,0.0,
USA,Iron,6,0.0,0.0,0.0,
USA,Iron,7,0.0,0.0,0.0,
USA,Iron,8,0.0,0.0,0.0,
USA,Iron,9,0.0,0.0,0.0,
USA,Iron,10,0.0,0.0,0.0,
USA,Iron,11,0.0,0.0,0.0,
USA,Iron,12,0.0,0.0,0.0,
USA,Iron,13,0.0,0.0,0.0,
USA,Nickel,0,4938.672927283199,4938.672927283199,11.52,428.7042471599999
USA,Nickel,1,4938.672927283199,4938.672927283199,11.52,428.7042471599999
USA,Nickel,2,4938.672927283199,4938.672927283199,11.52,428.7042471599999
USA,Nickel,3,4938.672927283199,4938.672927283199,11.52,428.7042471599999
USA,Nickel,4,4938.672927283199,4938.672927283199,11.52,428.7042471599999
USA,Nickel,5,4938.672927283199,4938.672927283199,11.52,428.7042471599999
USA,Nickel,6,4938.672927283199,4938.672927283199,11.52,428.7042471599999
USA,Nickel,7,4938.672927283199,4938.672927283199,11.52,428.7042471599999
USA,Nickel,8,4938.672927283199,4938.672927283199,11.52,428.7042471599999
USA,Nickel,9,4938.672927283199,4938.672927283199,11.52,428.7042471599999
USA,Nickel,10,4938.672927283199,4938.672927283199,11.52,428.7042471599999
USA,Nickel,11,4938.672927283199,4938.672927283199,11.52,428.7042471599999
USA,Nickel,12,4938.672927283199,4938.672927283199,11.52,428.7042471599999
USA,Nickel,13,4938.672927283199,4938.672927283199,11.52,428.7042471599999
USA,Refrigerant,0,0.0,0.0,0.0,
USA,Refrigerant,1,0.0,0.0,0.0,
USA,Refrigerant,2,0.0,0.0,0.0,
USA,Refrigerant,3,0.0,0.0,0.0,
USA,Refrigerant,4,0.0,0.0,0.0,
USA,Refrigerant,5,0.0,0.0,0.0,
USA,Refrigerant,6,0.0,0.0,0.0,
USA,Refrigerant,7,0.0,0.0,0.0,
USA,Refrigerant,8,0.0,0.0,0.0,
USA,Refrigerant,9,0.0,0.0,0.0,
USA,Refrigerant,10,0.0,0.0,0.0,
USA,Refrigerant,11,0.0,0.0,0.0,
USA,Refrigerant,12,0.0,0.0,0.0,
USA,Refrigerant,13,0.0,0.0,0.0,
USA,Steel,0,0.0,0.0,0.0,
USA,Steel,1,0.0,0.0,0.0,
USA,Steel,2,0.0,0.0,0.0,
USA,Steel,3,0.0,0.0,0.0,
USA,Steel,4,0.0,0.0,0.0,
USA,Steel,5,0.0,0.0,0.0,
USA,Steel,6,0.0,0.0,0.0,
USA,Steel,7,0.0,0.0,0.0,
USA,Steel,8,0.0,0.0,0.0,
USA,Steel,9,0.0,0.0,0.0,
USA,Steel,10,0.0,0.0,0.0,
USA,Steel,11,0.0,0.0,0.0,
USA,Steel,12,0.0,0.0,0.0,
USA,Steel,13,0.0,0.0,0.0,
