location,time_operation,commodity,weighted_cost_per_unit,conversion_factor,levelized_cost_per_kw,scenario
AUS,0,Aluminium,1614.468,4.0375,6.518414549999999,
AUS,1,Aluminium,1614.468,4.0375,6.518414549999999,
AUS,2,Aluminium,1614.468,4.0375,6.518414549999999,
AUS,3,Aluminium,1614.468,4.0375,6.518414549999999,
AUS,4,Aluminium,1614.468,4.0375,6.518414549999999,
AUS,5,Aluminium,1614.468,4.0375,6.518414549999999,
AUS,6,Aluminium,1614.468,4.0375,6.518414549999999,
AUS,7,Aluminium,1614.468,4.0375,6.518414549999999,
AUS,8,Aluminium,1614.468,4.0375,6.518414549999999,
AUS,9,Aluminium,1614.468,4.0375,6.518414549999999,
AUS,10,Aluminium,1614.468,4.0375,6.518414549999999,
AUS,11,Aluminium,1614.468,4.0375,6.518414549999999,
AUS,12,Aluminium,1614.468,4.0375,6.518414549999999,
AUS,13,Aluminium,1614.468,4.0375,6.518414549999999,
AUS,0,Bauxite,30.66,16.15,0.49515899999999996,
AUS,1,Bauxite,30.66,16.15,0.49515899999999996,
AUS,2,Bauxite,30.66,16.15,0.49515899999999996,
AUS,3,Bauxite,30.66,16.15,0.49515899999999996,
AUS,4,Bauxite,30.66,16.15,0.49515899999999996,
AUS,5,Bauxite,30.66,16.15,0.49515899999999996,
AUS,6,Bauxite,30.66,16.15,0.49515899999999996,
AUS,7,Bauxite,30.66,16.15,0.49515899999999996,
AUS,8,Bauxite,30.66,16.15,0.49515899999999996,
AUS,9,Bauxite,30.66,16.15,0.49515899999999996,
AUS,10,Bauxite,30.66,16.15,0.49515899999999996,
AUS,11,Bauxite,30.66,16.15,0.49515899999999996,
AUS,12,Bauxite,30.66,16.15,0.49515899999999996,
AUS,13,Bauxite,30.66,16.15,0.49515899999999996,
AUS,0,Compressor,28400.57665784776,1.0,28.40057665784776,
AUS,1,Compressor,28248.738199592102,1.0,28.248738199592104,
AUS,2,Compressor,27999.992663777546,1.0,27.999992663777547,
AUS,3,Compressor,26055.14212229166,1.0,26.055142122291663,
AUS,4,Compressor,34477.10101756699,1.0,34.47710101756699,
AUS,5,Compressor,34219.00096,1.0,34.219000959999995,
AUS,6,Compressor,34534.5634466941,1.0,34.5345634466941,
AUS,7,Compressor,34907.90926530613,1.0,34.90790926530613,
AUS,8,Compressor,35311.007114197375,1.0,35.31100711419737,
AUS,9,Compressor,35715.850121955555,1.0,35.715850121955555,
AUS,10,Compressor,24437.24635521332,1.0,24.43724635521332,
AUS,11,Compressor,59839.39124195592,1.0,59.83939124195592,
AUS,12,Compressor,35349.88990816643,1.0,35.349889908166425,
AUS,13,Compressor,36544.456152299106,1.0,36.544456152299105,
AUS,0,Copper_ore,2.97144592,5.51666667,0.016392476668571486,
AUS,1,Copper_ore,2.97144592,5.51666667,0.016392476668571486,
AUS,2,Copper_ore,2.97144592,5.51666667,0.016392476668571486,
AUS,3,Copper_ore,2.9714459200000003,5.51666667,0.01639247666857149,
AUS,4,Copper_ore,1911.0002585308189,5.51666667,10.542351432598352,
AUS,5,Copper_ore,1911.000226880722,5.51666667,10.542351257995318,
AUS,6,Copper_ore,3056.20272823805,5.51666667,16.86005172763392,
AUS,7,Copper_ore,3056.202670648598,5.51666667,16.86005140993211,
AUS,8,Copper_ore,3056.2026164947215,5.51666667,16.86005111118322,
AUS,9,Copper_ore,3056.2025654778918,5.51666667,16.86005082974038,
AUS,10,Copper_ore,3056.202517333199,5.51666667,16.860050564142156,
AUS,11,Copper_ore,3056.2022770501376,5.51666667,16.8600492385806,
AUS,12,Copper_ore,3056.2022278845343,5.51666667,16.860048967350355,
AUS,13,Copper_ore,3056.202180968187,5.51666667,16.860048708528506,
AUS,0,HEX,30159.999999999996,1.0,30.159999999999997,
AUS,1,HEX,29699.999999999996,1.0,29.699999999999996,
AUS,2,HEX,28899.999999999996,1.0,28.899999999999995,
AUS,3,HEX,28599.999999999996,1.0,28.599999999999998,
AUS,4,HEX,28199.999999999996,1.0,28.199999999999996,
AUS,5,HEX,27799.999999999996,1.0,27.799999999999997,
AUS,6,HEX,27400.0,1.0,27.4,
AUS,7,HEX,29142.85714285714,1.0,29.142857142857142,
AUS,8,HEX,58700.0,1.0,58.7,
AUS,9,HEX,26300.0,1.0,26.3,
AUS,10,HEX,34571.42857142857,1.0,34.57142857142857,
AUS,11,HEX,25600.0,1.0,25.6,
AUS,12,HEX,32800.0,1.0,32.8,
AUS,13,HEX,31566.666666666668,1.0,31.566666666666666,
AUS,0,HP,60063.48889782115,1.0,60.06348889782115,
AUS,1,HP,59702.63134446488,1.0,59.702631344464876,
AUS,2,HP,59112.73091053838,1.0,59.11273091053838,
AUS,3,HP,55772.94481891694,1.0,55.77294481891694,
AUS,4,HP,57538.76668408145,1.0,57.53876668408145,
AUS,5,HP,56351.382137542634,1.0,56.351382137542636,
AUS,6,HP,55196.1468401115,1.0,55.196146840111496,
AUS,7,HP,54707.8796687564,1.0,54.707879668756405,
AUS,8,HP,56527.46417712193,1.0,56.527464177121935,
AUS,9,HP,62043.040665579065,1.0,62.04304066557906,
AUS,10,HP,65335.38766947579,1.0,65.3353876694758,
AUS,11,HP,64973.561713385294,1.0,64.9735617133853,
AUS,12,HP,65120.58377247374,1.0,65.12058377247374,
AUS,13,HP,51981.72736262804,1.0,51.981727362628035,
AUS,0,Iron,35.170891919999995,29.89,1.0512579594887999,
AUS,1,Iron,35.170891919999995,29.89,1.0512579594887999,
AUS,2,Iron,35.170891919999995,29.89,1.0512579594887999,
AUS,3,Iron,35.170891919999995,29.89,1.0512579594887999,
AUS,4,Iron,35.17089192,29.89,1.0512579594888,
AUS,5,Iron,35.170891919999995,29.89,1.0512579594887999,
AUS,6,Iron,35.17089192,29.89,1.0512579594888,
AUS,7,Iron,35.17089192,29.89,1.0512579594888,
AUS,8,Iron,35.170891919999995,29.89,1.0512579594887999,
AUS,9,Iron,35.17089192,29.89,1.0512579594888,
AUS,10,Iron,35.17089192,29.89,1.0512579594888,
AUS,11,Iron,35.170891919999995,29.89,1.0512579594887999,
AUS,12,Iron,35.17089192,29.89,1.0512579594888,
AUS,13,Iron,35.170891919999995,29.89,1.0512579594887999,
AUS,0,Nickel,3959.4050206200013,0.605625,2.397914665612988,
AUS,0,Nickel,3959.4050206200013,0.605625,2.397914665612988,
AUS,1,Nickel,3959.4050206200013,0.605625,2.397914665612988,
AUS,1,Nickel,3959.4050206200013,0.605625,2.397914665612988,
AUS,2,Nickel,3959.4050206200013,0.605625,2.397914665612988,
AUS,2,Nickel,3959.4050206200013,0.605625,2.397914665612988,
AUS,3,Nickel,3959.4050206200013,0.605625,2.397914665612988,
AUS,3,Nickel,3959.4050206200013,0.605625,2.397914665612988,
AUS,4,Nickel,3959.4050206200013,0.605625,2.397914665612988,
AUS,4,Nickel,3959.4050206200013,0.605625,2.397914665612988,
AUS,5,Nickel,3959.4050206200013,0.605625,2.397914665612988,
AUS,5,Nickel,3959.4050206200013,0.605625,2.397914665612988,
AUS,6,Nickel,3959.4050206200013,0.605625,2.397914665612988,
AUS,6,Nickel,3959.4050206200013,0.605625,2.397914665612988,
AUS,7,Nickel,3959.4050206200013,0.605625,2.397914665612988,
AUS,7,Nickel,3959.4050206200013,0.605625,2.397914665612988,
AUS,8,Nickel,3972.0835243533343,0.605625,2.4055930844364877,
AUS,8,Nickel,3972.0835243533343,0.605625,2.4055930844364877,
AUS,9,Nickel,4010.1190355533345,0.605625,2.4286283409069878,
AUS,9,Nickel,4010.1190355533345,0.605625,2.4286283409069878,
AUS,10,Nickel,4035.4760430200013,0.605625,2.443985178553988,
AUS,10,Nickel,4035.4760430200013,0.605625,2.443985178553988,
AUS,11,Nickel,4068.077909762858,0.605625,2.4637296841001306,
AUS,11,Nickel,4068.077909762858,0.605625,2.4637296841001306,
AUS,12,Nickel,4111.54706542,0.605625,2.4900556914949874,
AUS,12,Nickel,4111.54706542,0.605625,2.4900556914949874,
AUS,13,Nickel,4145.356408708889,0.605625,2.5105314750243206,
AUS,13,Nickel,4145.356408708889,0.605625,2.5105314750243206,
AUS,0,Refrigerant,15111.001,0.56875,8.59438181875,
AUS,1,Refrigerant,15111.001,0.56875,8.59438181875,
AUS,2,Refrigerant,15111.001,0.56875,8.59438181875,
AUS,3,Refrigerant,15111.001,0.56875,8.59438181875,
AUS,4,Refrigerant,15111.001,0.56875,8.59438181875,
AUS,5,Refrigerant,15111.001,0.56875,8.59438181875,
AUS,6,Refrigerant,15111.001,0.56875,8.59438181875,
AUS,7,Refrigerant,15111.001,0.56875,8.59438181875,
AUS,8,Refrigerant,15111.000999999998,0.56875,8.594381818749998,
AUS,9,Refrigerant,15111.001,0.56875,8.59438181875,
AUS,10,Refrigerant,15111.001000000002,0.56875,8.594381818750001,
AUS,11,Refrigerant,15111.000999999998,0.56875,8.594381818749998,
AUS,12,Refrigerant,15111.000999999998,0.56875,8.594381818749998,
AUS,13,Refrigerant,15111.000999999998,0.56875,8.594381818749998,
AUS,0,Steel,495.59999592000014,18.68125,9.258427423780502,
AUS,1,Steel,495.59999592000014,18.68125,9.258427423780502,
AUS,2,Steel,495.59999592000014,18.68125,9.258427423780502,
AUS,3,Steel,495.59999592,18.68125,9.2584274237805,
AUS,4,Steel,495.59999591999997,18.68125,9.2584274237805,
AUS,5,Steel,495.5999959200001,18.68125,9.258427423780502,
AUS,6,Steel,495.59999592,18.68125,9.2584274237805,
AUS,7,Steel,495.59999592,18.68125,9.2584274237805,
AUS,8,Steel,495.59999592,18.68125,9.2584274237805,
AUS,9,Steel,495.5999959200001,18.68125,9.258427423780502,
AUS,10,Steel,495.5999959200001,18.68125,9.258427423780502,
AUS,11,Steel,495.59999592,18.68125,9.2584274237805,
AUS,12,Steel,495.5999959200001,18.68125,9.258427423780502,
AUS,13,Steel,495.59999592,18.68125,9.2584274237805,
AUT,0,Aluminium,1714.3319999999999,4.0375,6.921615449999999,
AUT,1,Aluminium,1714.3319999999999,4.0375,6.921615449999999,
AUT,2,Aluminium,1714.3319999999999,4.0375,6.921615449999999,
AUT,3,Aluminium,1714.3319999999999,4.0375,6.921615449999999,
AUT,4,Aluminium,1714.3319999999999,4.0375,6.921615449999999,
AUT,5,Aluminium,1714.3319999999999,4.0375,6.921615449999999,
AUT,6,Aluminium,1714.3319999999999,4.0375,6.921615449999999,
AUT,7,Aluminium,1714.3319999999999,4.0375,6.921615449999999,
AUT,8,Aluminium,1714.3319999999999,4.0375,6.921615449999999,
AUT,9,Aluminium,1714.3319999999999,4.0375,6.921615449999999,
AUT,10,Aluminium,1714.3319999999999,4.0375,6.921615449999999,
AUT,11,Aluminium,1714.3319999999999,4.0375,6.921615449999999,
AUT,12,Aluminium,1714.3319999999999,4.0375,6.921615449999999,
AUT,13,Aluminium,1714.3319999999999,4.0375,6.921615449999999,
AUT,0,Bauxite,32.466521058378724,16.15,0.5243343150928164,
AUT,1,Bauxite,32.466521058378724,16.15,0.5243343150928164,
AUT,2,Bauxite,32.466521058378724,16.15,0.5243343150928164,
AUT,3,Bauxite,32.466521058378724,16.15,0.5243343150928164,
AUT,4,Bauxite,32.466521058378724,16.15,0.5243343150928164,
AUT,5,Bauxite,32.466521058378724,16.15,0.5243343150928164,
AUT,6,Bauxite,32.466521058378724,16.15,0.5243343150928164,
AUT,7,Bauxite,32.466521058378724,16.15,0.5243343150928164,
AUT,8,Bauxite,32.466521058378724,16.15,0.5243343150928164,
AUT,9,Bauxite,32.466521058378724,16.15,0.5243343150928164,
AUT,10,Bauxite,32.466521058378724,16.15,0.5243343150928164,
AUT,11,Bauxite,32.466521058378724,16.15,0.5243343150928164,
AUT,12,Bauxite,32.466521058378724,16.15,0.5243343150928164,
AUT,13,Bauxite,32.466521058378724,16.15,0.5243343150928164,
AUT,0,Compressor,81383.99676,1.0,81.38399675999999,
AUT,1,Compressor,79183.99676,1.0,79.18399676,
AUT,2,Compressor,77283.99676,1.0,77.28399676,
AUT,3,Compressor,75483.99676,1.0,75.48399676,
AUT,4,Compressor,73783.99676,1.0,73.78399676,
AUT,5,Compressor,72083.99676,1.0,72.08399675999999,
AUT,6,Compressor,70383.99676,1.0,70.38399675999999,
AUT,7,Compressor,68783.99676,1.0,68.78399676,
AUT,8,Compressor,67183.99676,1.0,67.18399676,
AUT,9,Compressor,65583.99676,1.0,65.58399675999999,
AUT,10,Compressor,64083.996759999995,1.0,64.08399675999999,
AUT,11,Compressor,62583.99676,1.0,62.583996760000005,
AUT,12,Compressor,61183.99676,1.0,61.18399676,
AUT,13,Compressor,59783.996759999995,1.0,59.783996759999994,
AUT,0,Copper,352.50239999999997,5.51666667,1.944638241175008,
AUT,1,Copper,352.50239999999997,5.51666667,1.944638241175008,
AUT,2,Copper,352.50239999999997,5.51666667,1.944638241175008,
AUT,3,Copper,352.50239999999997,5.51666667,1.944638241175008,
AUT,4,Copper,352.50239999999997,5.51666667,1.944638241175008,
AUT,5,Copper,352.50239999999997,5.51666667,1.944638241175008,
AUT,6,Copper,352.50239999999997,5.51666667,1.944638241175008,
AUT,7,Copper,352.50239999999997,5.51666667,1.944638241175008,
AUT,8,Copper,352.50239999999997,5.51666667,1.944638241175008,
AUT,9,Copper,352.50239999999997,5.51666667,1.944638241175008,
AUT,10,Copper,352.50239999999997,5.51666667,1.944638241175008,
AUT,11,Copper,352.50239999999997,5.51666667,1.944638241175008,
AUT,12,Copper,352.50239999999997,5.51666667,1.944638241175008,
AUT,13,Copper,352.50239999999997,5.51666667,1.944638241175008,
AUT,0,Copper_ore,2412.072411364351,5.51666667,13.306599477400244,
AUT,1,Copper_ore,696.2215589242958,5.51666667,3.840822269053104,
AUT,2,Copper_ore,696.2215589242958,5.51666667,3.840822269053104,
AUT,3,Copper_ore,696.2215589242958,5.51666667,3.840822269053104,
AUT,4,Copper_ore,696.2215589242958,5.51666667,3.840822269053104,
AUT,5,Copper_ore,696.2215589242958,5.51666667,3.840822269053104,
AUT,6,Copper_ore,696.2215589242958,5.51666667,3.840822269053104,
AUT,7,Copper_ore,696.2215589242958,5.51666667,3.840822269053104,
AUT,8,Copper_ore,696.2215589242958,5.51666667,3.840822269053104,
AUT,9,Copper_ore,1271.29391365653,5.51666667,7.013304761242837,
AUT,10,Copper_ore,1412.3364591985708,5.51666667,7.79138947128657,
AUT,11,Copper_ore,1102.861568584168,5.51666667,6.0841196570322,
AUT,12,Copper_ore,1230.9481476475653,5.51666667,6.790730618625562,
AUT,13,Copper_ore,1288.895574567346,5.51666667,7.110407257326178,
AUT,0,HEX,46430.00000004095,1.0,46.43000000004095,
AUT,1,HEX,27207.179864355556,1.0,27.207179864355556,
AUT,2,HEX,25914.290975466665,1.0,25.914290975466667,
AUT,3,HEX,25298.290975466665,1.0,25.298290975466664,
AUT,4,HEX,24682.29097546666,1.0,24.68229097546666,
AUT,5,HEX,24120.068753244443,1.0,24.120068753244443,
AUT,6,HEX,23511.179864355556,1.0,23.511179864355555,
AUT,7,HEX,22956.068753244443,1.0,22.95606875324444,
AUT,8,HEX,93066.66666654653,1.0,93.06666666654652,
AUT,9,HEX,54949.999999959036,1.0,54.94999999995903,
AUT,10,HEX,29663.360317255392,1.0,29.663360317255393,
AUT,11,HEX,55899.99999995319,1.0,55.89999999995319,
AUT,12,HEX,38133.333333322415,1.0,38.13333333332241,
AUT,13,HEX,30106.987517044745,1.0,30.106987517044743,
AUT,0,HP,152034.006,1.0,152.034006,
AUT,1,HP,63834.006,1.0,63.834006,
AUT,2,HP,63534.006,1.0,63.534006,
AUT,3,HP,63234.006,1.0,63.234006,
AUT,4,HP,62934.006,1.0,62.934006000000004,
AUT,5,HP,62734.006,1.0,62.734006,
AUT,6,HP,62434.006,1.0,62.434006000000004,
AUT,7,HP,62234.006,1.0,62.234006,
AUT,8,HP,61934.006,1.0,61.934006000000004,
AUT,9,HP,97334.006,1.0,97.33400599999999,
AUT,10,HP,72983.04091937399,1.0,72.98304091937399,
AUT,11,HP,92958.82200000035,1.0,92.95882200000035,
AUT,12,HP,70454.00600000001,1.0,70.454006,
AUT,13,HP,65240.45761290323,1.0,65.24045761290323,
AUT,0,Iron,28.92326128,29.89,0.8645162796592,
AUT,1,Iron,28.92326128,29.89,0.8645162796592,
AUT,2,Iron,28.92326128,29.89,0.8645162796592,
AUT,3,Iron,28.92326128,29.89,0.8645162796592,
AUT,4,Iron,28.92326128,29.89,0.8645162796592,
AUT,5,Iron,28.92326128,29.89,0.8645162796592,
AUT,6,Iron,28.92326128,29.89,0.8645162796592,
AUT,7,Iron,28.92326128,29.89,0.8645162796592,
AUT,8,Iron,28.92326128,29.89,0.8645162796592,
AUT,9,Iron,28.92326128,29.89,0.8645162796592,
AUT,10,Iron,28.92326128,29.89,0.8645162796592,
AUT,11,Iron,28.923261280000002,29.89,0.8645162796592001,
AUT,12,Iron,28.92326128,29.89,0.8645162796592,
AUT,13,Iron,28.92326128,29.89,0.8645162796592,
AUT,0,Nickel,3913.578180000001,0.605625,2.3701607852625006,
AUT,0,Nickel,3913.578180000001,0.605625,2.3701607852625006,
AUT,1,Nickel,3913.578180000001,0.605625,2.3701607852625006,
AUT,1,Nickel,3913.578180000001,0.605625,2.3701607852625006,
AUT,2,Nickel,3913.578180000001,0.605625,2.3701607852625006,
AUT,2,Nickel,3913.578180000001,0.605625,2.3701607852625006,
AUT,3,Nickel,3913.578180000001,0.605625,2.3701607852625006,
AUT,3,Nickel,3913.578180000001,0.605625,2.3701607852625006,
AUT,4,Nickel,3913.578180000001,0.605625,2.3701607852625006,
AUT,4,Nickel,3913.578180000001,0.605625,2.3701607852625006,
AUT,5,Nickel,3913.578180000001,0.605625,2.3701607852625006,
AUT,5,Nickel,3913.578180000001,0.605625,2.3701607852625006,
AUT,6,Nickel,3913.578180000001,0.605625,2.3701607852625006,
AUT,6,Nickel,3913.578180000001,0.605625,2.3701607852625006,
AUT,7,Nickel,3913.578180000001,0.605625,2.3701607852625006,
AUT,7,Nickel,3913.578180000001,0.605625,2.3701607852625006,
AUT,8,Nickel,3913.578180000001,0.605625,2.3701607852625006,
AUT,8,Nickel,3913.578180000001,0.605625,2.3701607852625006,
AUT,9,Nickel,3913.5781800000013,0.605625,2.3701607852625006,
AUT,9,Nickel,3913.5781800000013,0.605625,2.3701607852625006,
AUT,10,Nickel,3913.5781800000013,0.605625,2.3701607852625006,
AUT,10,Nickel,3913.5781800000013,0.605625,2.3701607852625006,
AUT,11,Nickel,3913.578180000001,0.605625,2.3701607852625006,
AUT,11,Nickel,3913.578180000001,0.605625,2.3701607852625006,
AUT,12,Nickel,3913.578180000001,0.605625,2.3701607852625006,
AUT,12,Nickel,3913.578180000001,0.605625,2.3701607852625006,
AUT,13,Nickel,3913.578180000001,0.605625,2.3701607852625006,
AUT,13,Nickel,3913.578180000001,0.605625,2.3701607852625006,
AUT,0,Refrigerant,1208.881,0.56875,0.68755106875,
AUT,1,Refrigerant,1208.881,0.56875,0.68755106875,
AUT,2,Refrigerant,1208.881,0.56875,0.68755106875,
AUT,3,Refrigerant,1208.881,0.56875,0.68755106875,
AUT,4,Refrigerant,1208.881,0.56875,0.68755106875,
AUT,5,Refrigerant,1208.881,0.56875,0.68755106875,
AUT,6,Refrigerant,1208.881,0.56875,0.68755106875,
AUT,7,Refrigerant,1208.881,0.56875,0.68755106875,
AUT,8,Refrigerant,1208.881,0.56875,0.68755106875,
AUT,9,Refrigerant,1208.881,0.56875,0.68755106875,
AUT,10,Refrigerant,1208.881,0.56875,0.68755106875,
AUT,11,Refrigerant,1208.881,0.56875,0.68755106875,
AUT,12,Refrigerant,1208.881,0.56875,0.68755106875,
AUT,13,Refrigerant,1208.881,0.56875,0.68755106875,
AUT,0,Steel,495.59999592,18.68125,9.2584274237805,
AUT,1,Steel,495.59999591999997,18.68125,9.2584274237805,
AUT,2,Steel,495.59999591999997,18.68125,9.2584274237805,
AUT,3,Steel,495.59999591999997,18.68125,9.2584274237805,
AUT,4,Steel,495.59999591999997,18.68125,9.2584274237805,
AUT,5,Steel,495.59999591999997,18.68125,9.2584274237805,
AUT,6,Steel,495.59999591999997,18.68125,9.2584274237805,
AUT,7,Steel,495.59999591999997,18.68125,9.2584274237805,
AUT,8,Steel,495.59999591999997,18.68125,9.2584274237805,
AUT,9,Steel,495.5999959199999,18.68125,9.258427423780498,
AUT,10,Steel,495.5999959200002,18.68125,9.258427423780503,
AUT,11,Steel,495.59999592,18.68125,9.2584274237805,
AUT,12,Steel,495.59999591999997,18.68125,9.2584274237805,
AUT,13,Steel,495.5999959200001,18.68125,9.258427423780502,
BRA,0,Aluminium,1667.0279999999998,4.0375,6.730625549999998,
BRA,1,Aluminium,1667.0279999999998,4.0375,6.730625549999998,
BRA,2,Aluminium,1667.0279999999998,4.0375,6.730625549999998,
BRA,3,Aluminium,1667.0279999999998,4.0375,6.730625549999998,
BRA,4,Aluminium,1667.0279999999998,4.0375,6.730625549999998,
BRA,5,Aluminium,1667.0279999999998,4.0375,6.730625549999998,
BRA,6,Aluminium,1667.0279999999998,4.0375,6.730625549999998,
BRA,7,Aluminium,1667.0279999999998,4.0375,6.730625549999998,
BRA,8,Aluminium,1667.0279999999998,4.0375,6.730625549999998,
BRA,9,Aluminium,1667.0279999999998,4.0375,6.730625549999998,
BRA,10,Aluminium,1667.0279999999998,4.0375,6.730625549999998,
BRA,11,Aluminium,1667.0279999999998,4.0375,6.730625549999998,
BRA,12,Aluminium,1667.0279999999998,4.0375,6.730625549999998,
BRA,13,Aluminium,1667.0279999999998,4.0375,6.730625549999998,
BRA,0,Bauxite,30.660000000000004,16.15,0.495159,
BRA,1,Bauxite,30.660000000000004,16.15,0.495159,
BRA,2,Bauxite,30.660000000000004,16.15,0.495159,
BRA,3,Bauxite,30.660000000000004,16.15,0.495159,
BRA,4,Bauxite,30.660000000000004,16.15,0.495159,
BRA,5,Bauxite,30.660000000000004,16.15,0.495159,
BRA,6,Bauxite,30.660000000000004,16.15,0.495159,
BRA,7,Bauxite,30.660000000000004,16.15,0.495159,
BRA,8,Bauxite,30.660000000000004,16.15,0.495159,
BRA,9,Bauxite,30.660000000000004,16.15,0.495159,
BRA,10,Bauxite,30.660000000000004,16.15,0.495159,
BRA,11,Bauxite,30.660000000000004,16.15,0.495159,
BRA,12,Bauxite,30.660000000000004,16.15,0.495159,
BRA,13,Bauxite,30.660000000000004,16.15,0.495159,
BRA,3,Compressor,4751859.945180656,1.0,4751.859945180657,
BRA,4,Compressor,499573.3333333333,1.0,499.5733333333333,
BRA,5,Compressor,365948.33092577837,1.0,365.94833092577835,
BRA,6,Compressor,114821.7875332541,1.0,114.8217875332541,
BRA,7,Compressor,67530.09976486232,1.0,67.53009976486231,
BRA,8,Compressor,48400.0,1.0,48.4,
BRA,9,Compressor,48200.0,1.0,48.2,
BRA,10,Compressor,48000.0,1.0,48.0,
BRA,11,Compressor,47700.0,1.0,47.7,
BRA,12,Compressor,47500.0,1.0,47.5,
BRA,13,Compressor,47300.0,1.0,47.3,
BRA,5,Copper,175.4628,5.51666667,0.9679697805848759,
BRA,6,Copper,175.4628,5.51666667,0.9679697805848759,
BRA,7,Copper,175.4628,5.51666667,0.9679697805848759,
BRA,8,Copper,175.4628,5.51666667,0.9679697805848759,
BRA,9,Copper,175.4628,5.51666667,0.9679697805848759,
BRA,10,Copper,175.4628,5.51666667,0.9679697805848759,
BRA,11,Copper,175.4628,5.51666667,0.9679697805848759,
BRA,12,Copper,175.4628,5.51666667,0.9679697805848759,
BRA,13,Copper,175.4628,5.51666667,0.9679697805848759,
BRA,3,Copper_ore,1911.2475420399999,5.51666667,10.543715613291491,
BRA,4,Copper_ore,1911.2475420399999,5.51666667,10.543715613291491,
BRA,5,Copper_ore,1537.2074208286283,5.51666667,8.480260943361959,
BRA,6,Copper_ore,2721.815875873074,5.51666667,15.015350924305848,
BRA,7,Copper_ore,2808.3169832784747,5.51666667,15.492548700447308,
BRA,8,Copper_ore,2857.3287091544225,5.51666667,15.762930055026327,
BRA,9,Copper_ore,2857.328709154422,5.51666667,15.762930055026326,
BRA,10,Copper_ore,2857.328709154422,5.51666667,15.762930055026326,
BRA,11,Copper_ore,2961.9270891069314,5.51666667,16.339964451446328,
BRA,12,Copper_ore,2962.521922033883,5.51666667,16.343245946428663,
BRA,13,Copper_ore,2962.5219220338836,5.51666667,16.343245946428667,
BRA,0,HEX,26970.0,1.0,26.97,
BRA,1,HEX,26800.0,1.0,26.8,
BRA,2,HEX,26400.0,1.0,26.4,
BRA,3,HEX,26200.0,1.0,26.2,
BRA,4,HEX,26100.0,1.0,26.1,
BRA,5,HEX,25900.0,1.0,25.9,
BRA,6,HEX,40450.0,1.0,40.45,
BRA,7,HEX,25500.0,1.0,25.5,
BRA,8,HEX,25400.0,1.0,25.4,
BRA,9,HEX,25200.0,1.0,25.2,
BRA,10,HEX,25000.0,1.0,25.0,
BRA,11,HEX,39646.22633431238,1.0,39.64622633431238,
BRA,12,HEX,33783.673155,1.0,33.783673154999995,
BRA,13,HEX,31978.680551449703,1.0,31.978680551449703,
BRA,3,HP,162849.1987600001,1.0,162.8491987600001,
BRA,4,HP,150878.8459600002,1.0,150.8788459600002,
BRA,5,HP,49449.19876,1.0,49.44919876,
BRA,6,HP,77799.19876,1.0,77.79919876,
BRA,7,HP,49449.19876,1.0,49.44919876,
BRA,8,HP,49449.19876,1.0,49.44919876,
BRA,9,HP,49449.19876,1.0,49.44919876,
BRA,10,HP,49449.19876,1.0,49.44919876,
BRA,11,HP,140829.78128427186,1.0,140.82978128427186,
BRA,12,HP,50439.58337538462,1.0,50.439583375384615,
BRA,13,HP,49349.19876000001,1.0,49.34919876000001,
BRA,3,Iron,22.926233999999997,29.89,0.6852651342599999,
BRA,4,Iron,22.926234,29.89,0.68526513426,
BRA,5,Iron,22.926234,29.89,0.68526513426,
BRA,6,Iron,22.926233999999997,29.89,0.6852651342599999,
BRA,7,Iron,22.926234,29.89,0.68526513426,
BRA,8,Iron,22.926233999999997,29.89,0.6852651342599999,
BRA,9,Iron,22.926233999999997,29.89,0.6852651342599999,
BRA,10,Iron,22.926233999999997,29.89,0.6852651342599999,
BRA,11,Iron,22.926233999999997,29.89,0.6852651342599999,
BRA,12,Iron,22.926234,29.89,0.68526513426,
BRA,13,Iron,22.926234,29.89,0.68526513426,
BRA,0,Nickel,5750.431919999999,0.605625,3.482605331549999,
BRA,1,Nickel,5750.431919999999,0.605625,3.482605331549999,
BRA,2,Nickel,5750.431919999999,0.605625,3.482605331549999,
BRA,3,Nickel,5750.431919999999,0.605625,3.482605331549999,
BRA,4,Nickel,5750.431919999999,0.605625,3.482605331549999,
BRA,5,Nickel,5750.431919999999,0.605625,3.482605331549999,
BRA,6,Nickel,5750.431919999999,0.605625,3.482605331549999,
BRA,7,Nickel,5750.431919999999,0.605625,3.482605331549999,
BRA,8,Nickel,5750.431919999999,0.605625,3.482605331549999,
BRA,9,Nickel,5750.431919999999,0.605625,3.482605331549999,
BRA,10,Nickel,5750.431919999999,0.605625,3.482605331549999,
BRA,11,Nickel,5750.431919999999,0.605625,3.482605331549999,
BRA,12,Nickel,5750.431919999999,0.605625,3.482605331549999,
BRA,13,Nickel,5750.431919999999,0.605625,3.482605331549999,
BRA,3,Refrigerant,16722.841000000015,0.56875,9.511115818750007,
BRA,4,Refrigerant,16722.841000000004,0.56875,9.511115818750001,
BRA,5,Refrigerant,16722.841000000004,0.56875,9.511115818750001,
BRA,6,Refrigerant,16722.841,0.56875,9.51111581875,
BRA,7,Refrigerant,16722.841,0.56875,9.51111581875,
BRA,8,Refrigerant,16722.841,0.56875,9.51111581875,
BRA,9,Refrigerant,16722.841,0.56875,9.51111581875,
BRA,10,Refrigerant,16722.841,0.56875,9.51111581875,
BRA,11,Refrigerant,16722.841,0.56875,9.51111581875,
BRA,12,Refrigerant,16722.841,0.56875,9.51111581875,
BRA,13,Refrigerant,16722.841,0.56875,9.51111581875,
BRA,3,Steel,423.35999891999995,18.68125,7.908893979824249,
BRA,4,Steel,423.35999891999995,18.68125,7.908893979824249,
BRA,5,Steel,423.35999892,18.68125,7.90889397982425,
BRA,6,Steel,423.35999891999995,18.68125,7.908893979824249,
BRA,7,Steel,423.3599989199999,18.68125,7.908893979824247,
BRA,8,Steel,423.35999892,18.68125,7.90889397982425,
BRA,9,Steel,423.35999892,18.68125,7.90889397982425,
BRA,10,Steel,423.35999892,18.68125,7.90889397982425,
BRA,11,Steel,423.35999892,18.68125,7.90889397982425,
BRA,12,Steel,423.35999892,18.68125,7.90889397982425,
BRA,13,Steel,423.35999892,18.68125,7.90889397982425,
CHN,0,Aluminium,1623.2279999999998,4.0375,6.553783049999999,
CHN,1,Aluminium,1623.2279999999998,4.0375,6.553783049999999,
CHN,2,Aluminium,1623.228,4.0375,6.55378305,
CHN,3,Aluminium,1623.2279999999998,4.0375,6.553783049999999,
CHN,4,Aluminium,1623.2279999999998,4.0375,6.553783049999999,
CHN,5,Aluminium,1623.2279999999998,4.0375,6.553783049999999,
CHN,6,Aluminium,1623.2279999999998,4.0375,6.553783049999999,
CHN,7,Aluminium,1623.228,4.0375,6.55378305,
CHN,8,Aluminium,1623.228,4.0375,6.55378305,
CHN,9,Aluminium,1623.2279999999998,4.0375,6.553783049999999,
CHN,10,Aluminium,1623.2279999999996,4.0375,6.553783049999998,
CHN,11,Aluminium,1623.2279999999998,4.0375,6.553783049999999,
CHN,12,Aluminium,1623.2279999999998,4.0375,6.553783049999999,
CHN,13,Aluminium,1623.228,4.0375,6.55378305,
CHN,0,Bauxite,30.66,16.15,0.49515899999999996,
CHN,1,Bauxite,30.660000000000004,16.15,0.495159,
CHN,2,Bauxite,30.66,16.15,0.49515899999999996,
CHN,3,Bauxite,30.66,16.15,0.49515899999999996,
CHN,4,Bauxite,30.660000000000004,16.15,0.495159,
CHN,5,Bauxite,30.659999999999997,16.15,0.4951589999999999,
CHN,6,Bauxite,30.660000000000004,16.15,0.495159,
CHN,7,Bauxite,30.66,16.15,0.49515899999999996,
CHN,8,Bauxite,30.66,16.15,0.49515899999999996,
CHN,9,Bauxite,30.66,16.15,0.49515899999999996,
CHN,10,Bauxite,28.54943089368545,16.15,0.46107330893301995,
CHN,11,Bauxite,23.408283809649998,16.15,0.37804378352584744,
CHN,12,Bauxite,20.866503730119906,16.15,0.33699403524143645,
CHN,13,Bauxite,19.829391489990456,16.15,0.3202446725633458,
CHN,0,Compressor,28000.0,1.0,28.0,
CHN,1,Compressor,28000.0,1.0,28.0,
CHN,2,Compressor,27600.0,1.0,27.6,
CHN,3,Compressor,27300.0,1.0,27.3,
CHN,4,Compressor,27000.0,1.0,27.0,
CHN,5,Compressor,32704.323403354294,1.0,32.704323403354294,
CHN,6,Compressor,32405.135086148362,1.0,32.40513508614836,
CHN,7,Compressor,31975.905388357598,1.0,31.9759053883576,
CHN,8,Compressor,28883.758040468587,1.0,28.883758040468585,
CHN,9,Compressor,28531.496062992122,1.0,28.531496062992122,
CHN,10,Compressor,29279.901007601202,1.0,29.2799010076012,
CHN,11,Compressor,27795.79404771665,1.0,27.795794047716647,
CHN,12,Compressor,27593.215698205044,1.0,27.593215698205043,
CHN,13,Compressor,27295.442359249333,1.0,27.295442359249332,
CHN,0,Copper,167.49120000000002,5.51666667,0.9239931205583041,
CHN,1,Copper,167.4912,5.51666667,0.923993120558304,
CHN,2,Copper,167.49120000000005,5.51666667,0.9239931205583044,
CHN,3,Copper,167.49120000000002,5.51666667,0.9239931205583041,
CHN,4,Copper,167.4912,5.51666667,0.923993120558304,
CHN,5,Copper,167.49120000000002,5.51666667,0.9239931205583041,
CHN,6,Copper,167.49120000000002,5.51666667,0.9239931205583041,
CHN,7,Copper,167.49120000000002,5.51666667,0.9239931205583041,
CHN,8,Copper,167.49120000000002,5.51666667,0.9239931205583041,
CHN,9,Copper,167.49120000000002,5.51666667,0.9239931205583041,
CHN,10,Copper,167.49120000000002,5.51666667,0.9239931205583041,
CHN,11,Copper,167.49120000000002,5.51666667,0.9239931205583041,
CHN,12,Copper,167.49120000000002,5.51666667,0.9239931205583041,
CHN,13,Copper,167.49120000000002,5.51666667,0.9239931205583041,
CHN,0,Copper_ore,192.50753669067632,5.51666667,1.0619999113852563,
CHN,1,Copper_ore,496.63980423526084,5.51666667,2.7397962550199884,
CHN,2,Copper_ore,946.0059190471786,5.51666667,5.2187993232302885,
CHN,3,Copper_ore,1457.1290683662894,5.51666667,8.03849536534446,
CHN,4,Copper_ore,1909.56612,5.51666667,10.534439768365221,
CHN,5,Copper_ore,1909.5661200000002,5.51666667,10.534439768365223,
CHN,6,Copper_ore,1659.4385974221204,5.51666667,9.15456960131016,
CHN,7,Copper_ore,1207.772912477211,5.51666667,6.662880571191859,
CHN,8,Copper_ore,1028.7824386945542,5.51666667,5.6754497902275665,
CHN,9,Copper_ore,878.821593343043,5.51666667,4.84816579287186,
CHN,10,Copper_ore,739.872313300983,5.51666667,4.081628930843331,
CHN,11,Copper_ore,633.3827121678794,5.51666667,3.4941612975707437,
CHN,12,Copper_ore,680.6175977502659,5.51666667,3.754740416524359,
CHN,13,Copper_ore,750.0312691830496,5.51666667,4.137672504159928,
CHN,0,HEX,15210.0,1.0,15.21,
CHN,1,HEX,16357.142857142857,1.0,16.357142857142858,
CHN,2,HEX,16266.666666666666,1.0,16.266666666666666,
CHN,3,HEX,14832.267894799477,1.0,14.832267894799477,
CHN,4,HEX,14527.360661077379,1.0,14.52736066107738,
CHN,5,HEX,12591.01510963002,1.0,12.59101510963002,
CHN,6,HEX,11952.338998003104,1.0,11.952338998003103,
CHN,7,HEX,11893.553390156112,1.0,11.893553390156113,
CHN,8,HEX,11846.242259573673,1.0,11.846242259573673,
CHN,9,HEX,11798.420663053508,1.0,11.798420663053507,
CHN,10,HEX,11848.924809699578,1.0,11.848924809699579,
CHN,11,HEX,11965.222581691265,1.0,11.965222581691265,
CHN,12,HEX,11957.393923950789,1.0,11.95739392395079,
CHN,13,HEX,12029.305360282404,1.0,12.029305360282404,
CHN,0,HP,54013.15596598225,1.0,54.01315596598225,
CHN,1,HP,52044.328313357226,1.0,52.04432831335723,
CHN,2,HP,49823.86424156076,1.0,49.82386424156076,
CHN,3,HP,46848.390439999996,1.0,46.848390439999996,
CHN,4,HP,49757.37920404494,1.0,49.75737920404494,
CHN,5,HP,53913.83792822641,1.0,53.91383792822641,
CHN,6,HP,53614.86064854693,1.0,53.61486064854693,
CHN,7,HP,53152.03122933056,1.0,53.15203122933056,
CHN,8,HP,49433.92557099042,1.0,49.43392557099042,
CHN,9,HP,49068.075479370076,1.0,49.06807547937007,
CHN,10,HP,48854.7598667516,1.0,48.8547598667516,
CHN,11,HP,48563.361003498736,1.0,48.563361003498734,
CHN,12,HP,48386.152677762235,1.0,48.38615267776223,
CHN,13,HP,48050.11457763182,1.0,48.050114577631824,
CHN,0,Iron,22.24291896,29.89,0.6648408477144,
CHN,1,Iron,22.242918959999997,29.89,0.6648408477143999,
CHN,2,Iron,22.24291896,29.89,0.6648408477144,
CHN,3,Iron,22.24291896,29.89,0.6648408477144,
CHN,4,Iron,22.24291896,29.89,0.6648408477144,
CHN,5,Iron,22.242918959999997,29.89,0.6648408477143999,
CHN,6,Iron,22.24291896,29.89,0.6648408477144,
CHN,7,Iron,22.24291896,29.89,0.6648408477144,
CHN,8,Iron,22.24291896,29.89,0.6648408477144,
CHN,9,Iron,22.24291896,29.89,0.6648408477144,
CHN,10,Iron,22.242918959999997,29.89,0.6648408477143999,
CHN,11,Iron,22.242918959999997,29.89,0.6648408477143999,
CHN,12,Iron,22.24291896,29.89,0.6648408477144,
CHN,13,Iron,22.24291896,29.89,0.6648408477144,
CHN,0,Nickel,3964.2804259051595,0.605625,2.4008673329388124,
CHN,0,Nickel,3958.574261640001,0.605625,2.3974115372057256,
CHN,1,Nickel,3341.2435304463093,0.605625,2.0235406131265457,
CHN,1,Nickel,3958.574261640001,0.605625,2.3974115372057256,
CHN,2,Nickel,2855.765911990547,0.605625,1.729523230449275,
CHN,2,Nickel,3915.3411371832008,0.605625,2.371228476206576,
CHN,3,Nickel,2569.6667830352258,0.605625,1.5562544454757086,
CHN,3,Nickel,3913.9420090155877,0.605625,2.3703811292100654,
CHN,4,Nickel,2412.754871718745,0.605625,1.461224669184665,
CHN,4,Nickel,3970.9487084839534,0.605625,2.404905811575594,
CHN,5,Nickel,2329.290486365681,0.605625,1.4106765508052155,
CHN,5,Nickel,4008.2223196748073,0.605625,2.427479642353055,
CHN,6,Nickel,2296.9686694377674,0.605625,1.3911016504282478,
CHN,6,Nickel,4076.5526615986873,0.605625,2.468862205680705,
CHN,7,Nickel,2306.7503274282344,0.605625,1.3970256670487244,
CHN,7,Nickel,4112.937801765223,0.605625,2.4908979561940634,
CHN,8,Nickel,2351.575285422184,0.605625,1.4241727822338102,
CHN,8,Nickel,4165.489331817955,0.605625,2.5227244765822485,
CHN,9,Nickel,2393.7435407742764,0.605625,1.4497109318814212,
CHN,9,Nickel,4167.9874941102,0.605625,2.52423742612049,
CHN,10,Nickel,2443.1736756309197,0.605625,1.4796470573039755,
CHN,10,Nickel,4169.9503359112505,0.605625,2.525426172186251,
CHN,11,Nickel,2509.3014946112853,0.605625,1.5196957176739596,
CHN,11,Nickel,4171.8822668177945,0.605625,2.526596197841527,
CHN,12,Nickel,2582.9708327952503,0.605625,1.5643117106116236,
CHN,12,Nickel,4186.30735092,0.605625,2.5353323894009248,
CHN,13,Nickel,2660.8822457447695,0.605625,1.6114968100791758,
CHN,13,Nickel,4186.307350919999,0.605625,2.5353323894009243,
CHN,0,Steel,478.79999783999995,18.68125,8.944582459648498,
CHN,1,Steel,478.79999783999995,18.68125,8.944582459648498,
CHN,2,Steel,478.79999783999995,18.68125,8.944582459648498,
CHN,3,Steel,478.7999978399999,18.68125,8.944582459648498,
CHN,4,Steel,478.7999978400001,18.68125,8.944582459648501,
CHN,5,Steel,478.79999784000006,18.68125,8.944582459648501,
CHN,6,Steel,478.79999784,18.68125,8.9445824596485,
CHN,7,Steel,478.79999783999995,18.68125,8.944582459648498,
CHN,8,Steel,478.79999784,18.68125,8.9445824596485,
CHN,9,Steel,478.79999783999995,18.68125,8.944582459648498,
CHN,10,Steel,478.7999978399999,18.68125,8.944582459648498,
CHN,11,Steel,478.79999783999995,18.68125,8.944582459648498,
CHN,12,Steel,478.79999783999995,18.68125,8.944582459648498,
CHN,13,Steel,478.79999784000006,18.68125,8.944582459648501,
CZE,0,Aluminium,1559.7796112173023,4.0375,6.297610180289857,
CZE,1,Aluminium,1559.7796112173023,4.0375,6.297610180289857,
CZE,2,Aluminium,1559.7796112173023,4.0375,6.297610180289857,
CZE,3,Aluminium,1559.7796112173023,4.0375,6.297610180289857,
CZE,4,Aluminium,1559.7796112173023,4.0375,6.297610180289857,
CZE,5,Aluminium,1559.7796112173023,4.0375,6.297610180289857,
CZE,6,Aluminium,1655.4226757582967,4.0375,6.683769053374122,
CZE,7,Aluminium,2134.3071629923184,4.0375,8.617265170581485,
CZE,8,Aluminium,2321.1323368451613,4.0375,9.371571810012338,
CZE,9,Aluminium,2361.4064993744114,4.0375,9.534178741224185,
CZE,10,Aluminium,2379.831747701514,4.0375,9.608570681344862,
CZE,11,Aluminium,2401.9629257639945,4.0375,9.697925312772126,
CZE,12,Aluminium,2412.4637913812617,4.0375,9.740322557701843,
CZE,13,Aluminium,2419.000324921834,4.0375,9.766713811871904,
CZE,0,Bauxite,33.9120687579063,16.15,0.5476799104401866,
CZE,1,Bauxite,33.9120687579063,16.15,0.5476799104401866,
CZE,2,Bauxite,33.9120687579063,16.15,0.5476799104401866,
CZE,3,Bauxite,33.9120687579063,16.15,0.5476799104401866,
CZE,4,Bauxite,33.9120687579063,16.15,0.5476799104401866,
CZE,5,Bauxite,33.9120687579063,16.15,0.5476799104401866,
CZE,6,Bauxite,33.9120687579063,16.15,0.5476799104401866,
CZE,7,Bauxite,33.9120687579063,16.15,0.5476799104401866,
CZE,8,Bauxite,33.9120687579063,16.15,0.5476799104401866,
CZE,9,Bauxite,33.9120687579063,16.15,0.5476799104401866,
CZE,10,Bauxite,33.921439618944554,16.15,0.5478312498459544,
CZE,11,Bauxite,33.92256525623957,16.15,0.547849428888269,
CZE,12,Bauxite,33.92256525623957,16.15,0.547849428888269,
CZE,13,Bauxite,33.92256525623957,16.15,0.547849428888269,
CZE,0,Compressor,42200.720263640134,1.0,42.200720263640136,
CZE,1,Compressor,48535.978648705255,1.0,48.53597864870525,
CZE,2,Compressor,47414.56175418588,1.0,47.41456175418588,
CZE,3,Compressor,43495.46961706306,1.0,43.495469617063065,
CZE,4,Compressor,44226.5434952508,1.0,44.2265434952508,
CZE,5,Compressor,64310.48760554579,1.0,64.31048760554579,
CZE,6,Compressor,66924.32957938456,1.0,66.92432957938456,
CZE,7,Compressor,67846.62278104245,1.0,67.84662278104244,
CZE,8,Compressor,74771.54153821938,1.0,74.77154153821938,
CZE,9,Compressor,63311.198134437975,1.0,63.31119813443797,
CZE,10,Compressor,61689.53915357875,1.0,61.68953915357875,
CZE,11,Compressor,147237.96191374885,1.0,147.23796191374885,
CZE,12,Compressor,99990.10501835952,1.0,99.99010501835951,
CZE,13,Compressor,66974.9718151071,1.0,66.9749718151071,
CZE,0,Copper_ore,3056.79424,5.51666667,16.863314900855983,
CZE,1,Copper_ore,3056.794247216162,5.51666667,16.863314940665145,
CZE,2,Copper_ore,3056.794247216162,5.51666667,16.863314940665145,
CZE,3,Copper_ore,3056.7942804462273,5.51666667,16.863315123984336,
CZE,4,Copper_ore,3056.794292074022,5.51666667,16.863315188131,
CZE,5,Copper_ore,3056.7943026778175,5.51666667,16.86331524662861,
CZE,6,Copper_ore,3056.794307519579,5.51666667,16.863315273338994,
CZE,7,Copper_ore,3056.7943110813867,5.51666667,16.8633152929883,
CZE,8,Copper_ore,3056.7943418633504,5.51666667,16.86331546280213,
CZE,9,Copper_ore,3056.7943759382574,5.51666667,16.863315650782035,
CZE,10,Copper_ore,3056.7943955588453,5.51666667,16.863315759022278,
CZE,11,Copper_ore,3056.7944484489963,5.51666667,16.86331605079961,
CZE,12,Copper_ore,3056.794480031708,5.51666667,16.863316225030907,
CZE,13,Copper_ore,3056.794513845063,5.51666667,16.863316411567915,
CZE,0,HEX,105666.13478811648,1.0,105.66613478811648,
CZE,1,HEX,85441.21882243366,1.0,85.44121882243365,
CZE,2,HEX,70846.8685532613,1.0,70.8468685532613,
CZE,3,HEX,60443.90930031488,1.0,60.44390930031488,
CZE,4,HEX,52314.80236828507,1.0,52.31480236828507,
CZE,5,HEX,45962.792677739955,1.0,45.962792677739955,
CZE,6,HEX,42007.795973075,1.0,42.007795973075,
CZE,7,HEX,33377.504546282405,1.0,33.3775045462824,
CZE,8,HEX,28143.851167499957,1.0,28.143851167499957,
CZE,9,HEX,24907.487342222226,1.0,24.907487342222225,
CZE,10,HEX,49353.35007207493,1.0,49.35335007207493,
CZE,11,HEX,24320.208990548206,1.0,24.320208990548206,
CZE,12,HEX,21299.16016,1.0,21.29916016,
CZE,13,HEX,52900.0,1.0,52.9,
CZE,0,HP,49236.94288600663,1.0,49.23694288600663,
CZE,1,HP,57924.869033178365,1.0,57.92486903317837,
CZE,2,HP,68457.71808650835,1.0,68.45771808650835,
CZE,3,HP,68642.30422112298,1.0,68.64230422112297,
CZE,4,HP,67157.68278447381,1.0,67.15768278447382,
CZE,5,HP,67949.12134663983,1.0,67.94912134663983,
CZE,6,HP,67709.56428652715,1.0,67.70956428652715,
CZE,7,HP,67637.18892627252,1.0,67.63718892627251,
CZE,8,HP,67915.29119066859,1.0,67.9152911906686,
CZE,9,HP,67518.02683212911,1.0,67.51802683212911,
CZE,10,HP,67243.56644861904,1.0,67.24356644861903,
CZE,11,HP,67151.98739967203,1.0,67.15198739967202,
CZE,12,HP,68279.19865530587,1.0,68.27919865530586,
CZE,13,HP,69010.6426079879,1.0,69.0106426079879,
CZE,0,Iron,34.235994774175076,29.89,1.023313883800093,
CZE,1,Iron,34.23735697884177,29.89,1.0233546000975804,
CZE,2,Iron,34.23735697884177,29.89,1.0233546000975804,
CZE,3,Iron,34.237356978841774,29.89,1.0233546000975806,
CZE,4,Iron,34.23754391678516,29.89,1.0233601876727083,
CZE,5,Iron,34.23754391678516,29.89,1.0233601876727083,
CZE,6,Iron,34.237846979551364,29.89,1.0233692462187904,
CZE,7,Iron,34.23805096970827,29.89,1.0233753434845803,
CZE,8,Iron,34.239255701299925,29.89,1.0234113529118547,
CZE,9,Iron,34.240012696428785,29.89,1.0234339794962564,
CZE,10,Iron,34.240267188182344,29.89,1.0234415862547703,
CZE,11,Iron,34.241721272311686,29.89,1.0234850488293963,
CZE,12,Iron,34.242175149361145,29.89,1.0234986152144048,
CZE,13,Iron,34.2423946010028,29.89,1.0235051746239736,
CZE,0,Nickel,3893.984954718552,0.605625,2.358294638201423,
CZE,0,Nickel,4075.475672475567,0.605625,2.468209954143015,
CZE,1,Nickel,3967.4373281376143,0.605625,2.4027792318533425,
CZE,1,Nickel,4152.4336382091515,0.605625,2.5148176221404173,
CZE,2,Nickel,4037.859716234693,0.605625,2.4454287906446357,
CZE,2,Nickel,4185.568317900001,0.605625,2.5348848125281878,
CZE,3,Nickel,4047.1355868358523,0.605625,2.4510464897774633,
CZE,3,Nickel,4185.5683179,0.605625,2.5348848125281873,
CZE,4,Nickel,4047.1355868358523,0.605625,2.4510464897774633,
CZE,4,Nickel,4185.5683179,0.605625,2.5348848125281873,
CZE,5,Nickel,4047.135586835851,0.605625,2.451046489777462,
CZE,5,Nickel,4185.568317899999,0.605625,2.5348848125281864,
CZE,6,Nickel,4066.4058594895478,0.605625,2.462717048653357,
CZE,6,Nickel,4185.568317899999,0.605625,2.5348848125281864,
CZE,7,Nickel,4126.955280030782,0.605625,2.4993872914686426,
CZE,7,Nickel,4185.568317900001,0.605625,2.5348848125281878,
CZE,8,Nickel,4144.391960613518,0.605625,2.5099473811465614,
CZE,8,Nickel,4185.568317900001,0.605625,2.5348848125281878,
CZE,9,Nickel,4150.043791660147,0.605625,2.513370271324176,
CZE,9,Nickel,4185.5683179,0.605625,2.5348848125281873,
CZE,10,Nickel,4153.605077311343,0.605625,2.515527074946682,
CZE,10,Nickel,4185.568317900001,0.605625,2.5348848125281878,
CZE,11,Nickel,4155.675932915185,0.605625,2.5167812368717586,
CZE,11,Nickel,4185.5683179,0.605625,2.5348848125281873,
CZE,12,Nickel,4157.367672417663,0.605625,2.517805796607947,
CZE,12,Nickel,4185.5683179,0.605625,2.5348848125281873,
CZE,13,Nickel,4158.878186643498,0.605625,2.5187206017859687,
CZE,13,Nickel,4185.5683179,0.605625,2.5348848125281873,
CZE,0,Refrigerant,1410.3609999999999,0.56875,0.8021428187499999,
CZE,1,Refrigerant,1617.465548923077,0.56875,0.91993353095,
CZE,2,Refrigerant,1617.465548923077,0.56875,0.91993353095,
CZE,3,Refrigerant,1617.465548923077,0.56875,0.91993353095,
CZE,4,Refrigerant,1643.6737722860241,0.56875,0.9348394579876762,
CZE,5,Refrigerant,2278.6525688277366,0.56875,1.2959836485207752,
CZE,6,Refrigerant,3110.923840366701,0.56875,1.769337934208561,
CZE,7,Refrigerant,3647.8729976755276,0.56875,2.074727767427956,
CZE,8,Refrigerant,8646.339631283754,0.56875,4.917605665292634,
CZE,9,Refrigerant,9670.56838961018,0.56875,5.50013577159079,
CZE,10,Refrigerant,10093.495650040782,0.56875,5.740675650960695,
CZE,11,Refrigerant,10445.339072388657,0.56875,5.940786597421049,
CZE,12,Refrigerant,10750.166080573106,0.56875,6.114156958325953,
CZE,13,Refrigerant,10993.92790550254,0.56875,6.252796496254569,
CZE,0,Steel,495.5999959200001,18.68125,9.258427423780502,
CZE,1,Steel,495.5999959200001,18.68125,9.258427423780502,
CZE,2,Steel,495.5999959200001,18.68125,9.258427423780502,
CZE,3,Steel,495.5999959200001,18.68125,9.258427423780502,
CZE,4,Steel,495.5999959200001,18.68125,9.258427423780502,
CZE,5,Steel,495.5999959200001,18.68125,9.258427423780502,
CZE,6,Steel,495.59999592,18.68125,9.2584274237805,
CZE,7,Steel,495.59999591999997,18.68125,9.2584274237805,
CZE,8,Steel,495.5999959200002,18.68125,9.258427423780503,
CZE,9,Steel,495.5999959200001,18.68125,9.258427423780502,
CZE,10,Steel,495.59999591999997,18.68125,9.2584274237805,
CZE,11,Steel,495.59999592,18.68125,9.2584274237805,
CZE,12,Steel,495.5999959200001,18.68125,9.258427423780502,
CZE,13,Steel,495.59999592,18.68125,9.2584274237805,
DEU,0,Aluminium,1714.3319999999999,4.0375,6.921615449999999,
DEU,1,Aluminium,1714.3319999999999,4.0375,6.921615449999999,
DEU,2,Aluminium,1714.3319999999999,4.0375,6.921615449999999,
DEU,3,Aluminium,1714.3319999999999,4.0375,6.921615449999999,
DEU,4,Aluminium,1714.3319999999999,4.0375,6.921615449999999,
DEU,5,Aluminium,1714.3319999999999,4.0375,6.921615449999999,
DEU,6,Aluminium,1714.3319999999999,4.0375,6.921615449999999,
DEU,7,Aluminium,1714.3319999999999,4.0375,6.921615449999999,
DEU,8,Aluminium,1121.9056957480705,4.0375,4.529694246582834,
DEU,9,Aluminium,1041.4062305002776,4.0375,4.20467765564487,
DEU,10,Aluminium,1041.4062305002776,4.0375,4.20467765564487,
DEU,11,Aluminium,991.6272700125331,4.0375,4.003695102675602,
DEU,12,Aluminium,947.397385789175,4.0375,3.825116945123794,
DEU,13,Aluminium,934.1472194321927,4.0375,3.7716193984574775,
DEU,0,Bauxite,32.776389294669414,16.15,0.5293386871089111,
DEU,1,Bauxite,32.776389294669414,16.15,0.5293386871089111,
DEU,2,Bauxite,32.776389294669414,16.15,0.5293386871089111,
DEU,3,Bauxite,32.776389294669414,16.15,0.5293386871089111,
DEU,4,Bauxite,32.776389294669414,16.15,0.5293386871089111,
DEU,5,Bauxite,32.776389294669414,16.15,0.5293386871089111,
DEU,6,Bauxite,32.776389294669414,16.15,0.5293386871089111,
DEU,7,Bauxite,32.776389294669414,16.15,0.5293386871089111,
DEU,8,Bauxite,32.776389294669414,16.15,0.5293386871089111,
DEU,9,Bauxite,32.776389294669414,16.15,0.5293386871089111,
DEU,10,Bauxite,32.776389294669414,16.15,0.5293386871089111,
DEU,11,Bauxite,32.776389294669414,16.15,0.5293386871089111,
DEU,12,Bauxite,32.776389294669414,16.15,0.5293386871089111,
DEU,13,Bauxite,32.776389294669414,16.15,0.5293386871089111,
DEU,0,Compressor,87000.0,1.0,87.0,
DEU,1,Compressor,85299.9999995904,1.0,85.29999999959041,
DEU,2,Compressor,83200.0,1.0,83.2,
DEU,3,Compressor,81200.0,1.0,81.2,
DEU,4,Compressor,79200.0,1.0,79.2,
DEU,5,Compressor,77300.0,1.0,77.3,
DEU,6,Compressor,75400.0,1.0,75.4,
DEU,7,Compressor,73600.0,1.0,73.6,
DEU,8,Compressor,55705.1277136469,1.0,55.7051277136469,
DEU,9,Compressor,48859.055132158945,1.0,48.85905513215894,
DEU,10,Compressor,44389.59395432384,1.0,44.38959395432384,
DEU,11,Compressor,41126.912709125005,1.0,41.126912709125,
DEU,12,Compressor,36530.85475449745,1.0,36.53085475449745,
DEU,13,Compressor,33977.025290106554,1.0,33.97702529010655,
DEU,0,Copper,371.424,5.51666667,2.04902240123808,
DEU,1,Copper,371.424,5.51666667,2.04902240123808,
DEU,2,Copper,371.424,5.51666667,2.04902240123808,
DEU,3,Copper,371.424,5.51666667,2.04902240123808,
DEU,4,Copper,371.424,5.51666667,2.04902240123808,
DEU,5,Copper,371.424,5.51666667,2.04902240123808,
DEU,6,Copper,371.424,5.51666667,2.04902240123808,
DEU,7,Copper,371.424,5.51666667,2.04902240123808,
DEU,8,Copper,371.424,5.51666667,2.04902240123808,
DEU,9,Copper,371.424,5.51666667,2.04902240123808,
DEU,10,Copper,371.424,5.51666667,2.04902240123808,
DEU,11,Copper,371.424,5.51666667,2.04902240123808,
DEU,12,Copper,371.424,5.51666667,2.04902240123808,
DEU,13,Copper,371.424,5.51666667,2.04902240123808,
DEU,0,Copper_ore,3009.350408341207,5.51666667,16.601583096046827,
DEU,1,Copper_ore,3009.350408341207,5.51666667,16.601583096046827,
DEU,2,Copper_ore,3009.350408341207,5.51666667,16.601583096046827,
DEU,3,Copper_ore,3009.350408341207,5.51666667,16.601583096046827,
DEU,4,Copper_ore,3009.350408341207,5.51666667,16.601583096046827,
DEU,5,Copper_ore,3009.350408341207,5.51666667,16.601583096046827,
DEU,6,Copper_ore,3012.1821643272747,5.51666667,16.61720494991274,
DEU,7,Copper_ore,3014.266421923927,5.51666667,16.628703104327887,
DEU,8,Copper_ore,2440.427186070977,5.51666667,13.463023317959648,
DEU,9,Copper_ore,2472.131966026352,5.51666667,13.637928020819148,
DEU,10,Copper_ore,2368.5181623158323,5.51666667,13.066325203337403,
DEU,11,Copper_ore,2273.240244391103,5.51666667,12.540708689135052,
DEU,12,Copper_ore,2164.4060830347507,5.51666667,11.940306898623062,
DEU,13,Copper_ore,2065.5167332303054,5.51666667,11.394767318538909,
DEU,0,HEX,42179.58487586197,1.0,42.17958487586197,
DEU,1,HEX,35768.79364655664,1.0,35.76879364655664,
DEU,2,HEX,30928.16552020975,1.0,30.92816552020975,
DEU,3,HEX,27612.883035375235,1.0,27.612883035375233,
DEU,4,HEX,24945.67557869955,1.0,24.94567557869955,
DEU,5,HEX,23582.138184528816,1.0,23.582138184528816,
DEU,6,HEX,22046.14958347092,1.0,22.04614958347092,
DEU,7,HEX,23578.96058966806,1.0,23.578960589668057,
DEU,8,HEX,89263.84204901995,1.0,89.26384204901996,
DEU,9,HEX,40991.9104,1.0,40.9919104,
DEU,10,HEX,35200.0,1.0,35.2,
DEU,11,HEX,38249.36708860759,1.0,38.24936708860759,
DEU,12,HEX,38042.85714285714,1.0,38.04285714285714,
DEU,13,HEX,32087.515159722265,1.0,32.087515159722265,
DEU,0,HP,65044.30228,1.0,65.04430228,
DEU,1,HP,64844.30228,1.0,64.84430228000001,
DEU,2,HP,64544.30228,1.0,64.54430228,
DEU,3,HP,64244.30228,1.0,64.24430228,
DEU,4,HP,63944.30228,1.0,63.94430228,
DEU,5,HP,63744.30228,1.0,63.74430228000001,
DEU,6,HP,69969.46736724813,1.0,69.96946736724813,
DEU,7,HP,57483.970975425174,1.0,57.48397097542517,
DEU,8,HP,98510.23929241576,1.0,98.51023929241576,
DEU,9,HP,61133.60980482822,1.0,61.133609804828225,
DEU,10,HP,50892.9637946601,1.0,50.8929637946601,
DEU,11,HP,44389.37343593122,1.0,44.38937343593122,
DEU,12,HP,42273.36197490034,1.0,42.27336197490034,
DEU,13,HP,40502.55120175176,1.0,40.502551201751764,
DEU,0,Iron,29.196109,29.89,0.8726716980100001,
DEU,1,Iron,29.196109,29.89,0.8726716980100001,
DEU,2,Iron,29.196109,29.89,0.8726716980100001,
DEU,3,Iron,29.196109,29.89,0.8726716980100001,
DEU,4,Iron,29.196109,29.89,0.8726716980100001,
DEU,5,Iron,29.196109,29.89,0.8726716980100001,
DEU,6,Iron,29.196108999999993,29.89,0.8726716980099999,
DEU,7,Iron,29.196108999999996,29.89,0.87267169801,
DEU,8,Iron,29.196109000000003,29.89,0.8726716980100001,
DEU,9,Iron,29.196109,29.89,0.8726716980100001,
DEU,10,Iron,29.196109,29.89,0.8726716980100001,
DEU,11,Iron,29.196109,29.89,0.8726716980100001,
DEU,12,Iron,29.196109,29.89,0.8726716980100001,
DEU,13,Iron,29.196109,29.89,0.8726716980100001,
DEU,0,Nickel,3913.5781800000013,0.605625,2.3701607852625006,
DEU,0,Nickel,3913.5781800000013,0.605625,2.3701607852625006,
DEU,1,Nickel,3913.5781800000013,0.605625,2.3701607852625006,
DEU,1,Nickel,3913.5781800000013,0.605625,2.3701607852625006,
DEU,2,Nickel,3913.5781800000013,0.605625,2.3701607852625006,
DEU,2,Nickel,3913.5781800000013,0.605625,2.3701607852625006,
DEU,3,Nickel,3913.5781800000013,0.605625,2.3701607852625006,
DEU,3,Nickel,3913.5781800000013,0.605625,2.3701607852625006,
DEU,4,Nickel,3913.5781800000013,0.605625,2.3701607852625006,
DEU,4,Nickel,3913.5781800000013,0.605625,2.3701607852625006,
DEU,5,Nickel,3913.5781800000013,0.605625,2.3701607852625006,
DEU,5,Nickel,3913.5781800000013,0.605625,2.3701607852625006,
DEU,6,Nickel,3913.5781800000013,0.605625,2.3701607852625006,
DEU,6,Nickel,3913.5781800000013,0.605625,2.3701607852625006,
DEU,7,Nickel,3913.578180000001,0.605625,2.3701607852625006,
DEU,7,Nickel,3913.578180000001,0.605625,2.3701607852625006,
DEU,8,Nickel,3913.578180000001,0.605625,2.3701607852625006,
DEU,8,Nickel,3913.578180000001,0.605625,2.3701607852625006,
DEU,9,Nickel,3913.578180000001,0.605625,2.3701607852625006,
DEU,9,Nickel,3913.578180000001,0.605625,2.3701607852625006,
DEU,10,Nickel,3913.578180000001,0.605625,2.3701607852625006,
DEU,10,Nickel,3913.578180000001,0.605625,2.3701607852625006,
DEU,11,Nickel,3913.5781800000004,0.605625,2.3701607852625,
DEU,11,Nickel,3913.5781800000004,0.605625,2.3701607852625,
DEU,12,Nickel,3913.578180000001,0.605625,2.3701607852625006,
DEU,12,Nickel,3913.578180000001,0.605625,2.3701607852625006,
DEU,13,Nickel,3913.578180000001,0.605625,2.3701607852625006,
DEU,13,Nickel,3913.578180000001,0.605625,2.3701607852625006,
DEU,0,Steel,495.5999959200001,18.68125,9.258427423780502,
DEU,1,Steel,495.5999959200001,18.68125,9.258427423780502,
DEU,2,Steel,495.5999959200001,18.68125,9.258427423780502,
DEU,3,Steel,495.5999959200001,18.68125,9.258427423780502,
DEU,4,Steel,495.5999959200001,18.68125,9.258427423780502,
DEU,5,Steel,495.5999959200001,18.68125,9.258427423780502,
DEU,6,Steel,495.59999592000014,18.68125,9.258427423780502,
DEU,7,Steel,495.59999591999997,18.68125,9.2584274237805,
DEU,8,Steel,495.5999959200001,18.68125,9.258427423780502,
DEU,9,Steel,495.59999592000014,18.68125,9.258427423780502,
DEU,10,Steel,495.59999592,18.68125,9.2584274237805,
DEU,11,Steel,495.59999592,18.68125,9.2584274237805,
DEU,12,Steel,495.5999959199999,18.68125,9.258427423780498,
DEU,13,Steel,495.59999592000014,18.68125,9.258427423780502,
ITA,0,Aluminium,2040.204,4.0375,8.23732365,
ITA,1,Aluminium,2040.204,4.0375,8.23732365,
ITA,2,Aluminium,2040.204,4.0375,8.23732365,
ITA,3,Aluminium,2040.204,4.0375,8.23732365,
ITA,4,Aluminium,2040.204,4.0375,8.23732365,
ITA,5,Aluminium,2040.204,4.0375,8.23732365,
ITA,6,Aluminium,2040.204,4.0375,8.23732365,
ITA,7,Aluminium,2040.2039999999997,4.0375,8.237323649999999,
ITA,8,Aluminium,2040.2039999999997,4.0375,8.237323649999999,
ITA,9,Aluminium,2040.204,4.0375,8.23732365,
ITA,10,Aluminium,2040.204,4.0375,8.23732365,
ITA,11,Aluminium,2040.204,4.0375,8.23732365,
ITA,12,Aluminium,2040.204,4.0375,8.23732365,
ITA,13,Aluminium,2040.2039999999997,4.0375,8.237323649999999,
ITA,11,Bauxite,30.660000000000004,16.15,0.495159,
ITA,12,Bauxite,30.660000000000004,16.15,0.495159,
ITA,13,Bauxite,30.660000000000004,16.15,0.495159,
ITA,0,Compressor,45271.856261575565,1.0,45.271856261575564,
ITA,1,Compressor,50154.07133143201,1.0,50.15407133143201,
ITA,2,Compressor,49035.67383143201,1.0,49.03567383143201,
ITA,3,Compressor,47966.978831432,1.0,47.966978831432,
ITA,4,Compressor,46956.68883143201,1.0,46.95668883143201,
ITA,5,Compressor,45955.101331432,1.0,45.955101331432,
ITA,6,Compressor,44953.51383143201,1.0,44.953513831432005,
ITA,7,Compressor,44001.628831432005,1.0,44.00162883143201,
ITA,8,Compressor,48385.51175735343,1.0,48.38551175735343,
ITA,9,Compressor,51587.58686020835,1.0,51.58758686020835,
ITA,10,Compressor,51237.78236637781,1.0,51.23778236637781,
ITA,11,Compressor,158040.10926594504,1.0,158.04010926594503,
ITA,12,Compressor,77722.78481012657,1.0,77.72278481012657,
ITA,13,Compressor,69314.28571428571,1.0,69.31428571428572,
ITA,0,Copper,348.3852,5.51666667,1.9219250211612842,
ITA,1,Copper,348.3852,5.51666667,1.9219250211612842,
ITA,2,Copper,348.3852,5.51666667,1.9219250211612842,
ITA,3,Copper,348.3852,5.51666667,1.9219250211612842,
ITA,4,Copper,348.3852,5.51666667,1.9219250211612842,
ITA,5,Copper,348.3852,5.51666667,1.9219250211612842,
ITA,6,Copper,348.3852,5.51666667,1.9219250211612842,
ITA,7,Copper,348.3852,5.51666667,1.9219250211612842,
ITA,8,Copper,348.3852,5.51666667,1.9219250211612842,
ITA,9,Copper,348.3852,5.51666667,1.9219250211612842,
ITA,10,Copper,348.3852,5.51666667,1.9219250211612842,
ITA,11,Copper,348.3852,5.51666667,1.9219250211612842,
ITA,12,Copper,348.3852,5.51666667,1.9219250211612842,
ITA,13,Copper,348.3852,5.51666667,1.9219250211612842,
ITA,0,Copper_ore,21.01656740725684,5.51666667,0.11594139693342212,
ITA,1,Copper_ore,12.057024077465043,5.51666667,0.0665145828675389,
ITA,2,Copper_ore,12.057024077465043,5.51666667,0.0665145828675389,
ITA,3,Copper_ore,12.057024077465043,5.51666667,0.0665145828675389,
ITA,4,Copper_ore,12.057024077465043,5.51666667,0.0665145828675389,
ITA,5,Copper_ore,12.057024077465043,5.51666667,0.0665145828675389,
ITA,6,Copper_ore,12.057024077465043,5.51666667,0.0665145828675389,
ITA,7,Copper_ore,12.057024077465043,5.51666667,0.0665145828675389,
ITA,8,Copper_ore,7.244976907465422,5.51666667,0.03996812263033417,
ITA,9,Copper_ore,4.63970526207097,5.51666667,0.02559570737789053,
ITA,10,Copper_ore,4.27173939645741,5.51666667,0.023565762351362513,
ITA,11,Copper_ore,2.369770344617883,5.51666667,0.01307323307570789,
ITA,12,Copper_ore,2.068875573950239,5.51666667,0.011413296923188406,
ITA,13,Copper_ore,1.8300239966760845,5.51666667,0.010095632387763146,
ITA,0,HEX,37147.617695933244,1.0,37.14761769593324,
ITA,1,HEX,30363.699984571867,1.0,30.363699984571866,
ITA,2,HEX,27508.56310502871,1.0,27.50856310502871,
ITA,3,HEX,25743.528683184835,1.0,25.743528683184834,
ITA,4,HEX,24219.497053740874,1.0,24.219497053740874,
ITA,5,HEX,22978.53311597175,1.0,22.97853311597175,
ITA,6,HEX,22046.4625347,1.0,22.0464625347,
ITA,7,HEX,62600.0,1.0,62.6,
ITA,8,HEX,53633.298809378204,1.0,53.6332988093782,
ITA,9,HEX,50489.9217910447,1.0,50.489921791044694,
ITA,10,HEX,37071.42857142858,1.0,37.07142857142858,
ITA,11,HEX,37933.333333333336,1.0,37.93333333333334,
ITA,12,HEX,35946.83544303797,1.0,35.94683544303797,
ITA,13,HEX,35704.7619047619,1.0,35.7047619047619,
ITA,0,HP,46797.38839612741,1.0,46.79738839612741,
ITA,1,HP,49358.7383338981,1.0,49.3587383338981,
ITA,2,HP,39881.36495218865,1.0,39.88136495218865,
ITA,3,HP,35078.216204224234,1.0,35.07821620422423,
ITA,4,HP,33365.907362554964,1.0,33.365907362554964,
ITA,5,HP,33606.37908395436,1.0,33.60637908395436,
ITA,6,HP,35018.02088548473,1.0,35.01802088548473,
ITA,7,HP,37143.22963901206,1.0,37.14322963901206,
ITA,8,HP,40111.045811993914,1.0,40.11104581199391,
ITA,9,HP,39090.38360298495,1.0,39.09038360298495,
ITA,10,HP,38531.630958976624,1.0,38.53163095897663,
ITA,11,HP,48288.0667379735,1.0,48.2880667379735,
ITA,12,HP,46624.5646578785,1.0,46.6245646578785,
ITA,13,HP,45210.56069041503,1.0,45.210560690415036,
ITA,0,Iron,32.29352353692634,29.89,0.9652534185187281,
ITA,1,Iron,32.33332782189053,29.89,0.966443168596308,
ITA,2,Iron,32.33332782189053,29.89,0.966443168596308,
ITA,3,Iron,32.33332782189053,29.89,0.966443168596308,
ITA,4,Iron,32.33332782189053,29.89,0.966443168596308,
ITA,5,Iron,32.33332782189053,29.89,0.966443168596308,
ITA,6,Iron,32.33332782189053,29.89,0.966443168596308,
ITA,7,Iron,32.33332782189053,29.89,0.966443168596308,
ITA,8,Iron,32.3623853239721,29.89,0.9673116973335261,
ITA,9,Iron,32.38296004766808,29.89,0.967926675824799,
ITA,10,Iron,32.386340764665306,29.89,0.9680277254558459,
ITA,11,Iron,32.415782661772305,29.89,0.9689077437603743,
ITA,12,Iron,32.41976709826216,29.89,0.9690268385670561,
ITA,13,Iron,32.4227741790542,29.89,0.9691167202119302,
ITA,0,Nickel,2878.2349363199996,0.605625,1.7431310333087997,
ITA,0,Nickel,2878.2349363199996,0.605625,1.7431310333087997,
ITA,1,Nickel,2878.2349363199996,0.605625,1.7431310333087997,
ITA,1,Nickel,2878.2349363199996,0.605625,1.7431310333087997,
ITA,2,Nickel,3661.9416358746134,0.605625,2.2177634032265625,
ITA,2,Nickel,3661.9416358746134,0.605625,2.2177634032265625,
ITA,3,Nickel,3914.321759460001,0.605625,2.370611115572963,
ITA,3,Nickel,3914.321759460001,0.605625,2.370611115572963,
ITA,4,Nickel,3914.321759460001,0.605625,2.370611115572963,
ITA,4,Nickel,3914.321759460001,0.605625,2.370611115572963,
ITA,5,Nickel,3914.321759460001,0.605625,2.370611115572963,
ITA,5,Nickel,3914.321759460001,0.605625,2.370611115572963,
ITA,6,Nickel,3914.321759460001,0.605625,2.370611115572963,
ITA,6,Nickel,3914.321759460001,0.605625,2.370611115572963,
ITA,7,Nickel,3914.321759460001,0.605625,2.370611115572963,
ITA,7,Nickel,3914.321759460001,0.605625,2.370611115572963,
ITA,8,Nickel,3914.3217594600014,0.605625,2.370611115572963,
ITA,8,Nickel,3914.3217594600014,0.605625,2.370611115572963,
ITA,9,Nickel,3914.3217594600005,0.605625,2.3706111155729626,
ITA,9,Nickel,3914.3217594600005,0.605625,2.3706111155729626,
ITA,10,Nickel,3914.3217594600014,0.605625,2.370611115572963,
ITA,10,Nickel,3914.3217594600014,0.605625,2.370611115572963,
ITA,11,Nickel,3914.321759460001,0.605625,2.370611115572963,
ITA,11,Nickel,3914.321759460001,0.605625,2.370611115572963,
ITA,12,Nickel,3914.3217594600005,0.605625,2.3706111155729626,
ITA,12,Nickel,3914.3217594600005,0.605625,2.3706111155729626,
ITA,13,Nickel,3914.3217594600005,0.605625,2.3706111155729626,
ITA,13,Nickel,3914.3217594600005,0.605625,2.3706111155729626,
ITA,0,Refrigerant,3828.121,0.56875,2.17724381875,
ITA,1,Refrigerant,3828.1209999999996,0.56875,2.1772438187499996,
ITA,2,Refrigerant,3828.1209999999996,0.56875,2.1772438187499996,
ITA,3,Refrigerant,3828.1209999999996,0.56875,2.1772438187499996,
ITA,4,Refrigerant,3828.1209999999996,0.56875,2.1772438187499996,
ITA,5,Refrigerant,3828.1209999999996,0.56875,2.1772438187499996,
ITA,6,Refrigerant,3828.1209999999996,0.56875,2.1772438187499996,
ITA,7,Refrigerant,3828.1209999999996,0.56875,2.1772438187499996,
ITA,8,Refrigerant,3828.120999999999,0.56875,2.177243818749999,
ITA,9,Refrigerant,3828.121,0.56875,2.17724381875,
ITA,10,Refrigerant,3828.1209999999996,0.56875,2.1772438187499996,
ITA,11,Refrigerant,3828.121,0.56875,2.17724381875,
ITA,12,Refrigerant,3828.1209999999996,0.56875,2.1772438187499996,
ITA,13,Refrigerant,3828.121,0.56875,2.17724381875,
ITA,0,Steel,495.5999959200002,18.68125,9.258427423780503,
ITA,1,Steel,495.5999959200001,18.68125,9.258427423780502,
ITA,2,Steel,495.5999959200001,18.68125,9.258427423780502,
ITA,3,Steel,495.5999959200001,18.68125,9.258427423780502,
ITA,4,Steel,495.5999959200001,18.68125,9.258427423780502,
ITA,5,Steel,495.5999959200001,18.68125,9.258427423780502,
ITA,6,Steel,495.5999959200001,18.68125,9.258427423780502,
ITA,7,Steel,495.59999592000014,18.68125,9.258427423780502,
ITA,8,Steel,495.5999959200001,18.68125,9.258427423780502,
ITA,9,Steel,495.5999959200001,18.68125,9.258427423780502,
ITA,10,Steel,495.5999959200001,18.68125,9.258427423780502,
ITA,11,Steel,495.59999592,18.68125,9.2584274237805,
ITA,12,Steel,495.59999592000014,18.68125,9.258427423780502,
ITA,13,Steel,495.5999959200001,18.68125,9.258427423780502,
JPN,0,Aluminium,2534.365383068794,4.0375,10.232500234140256,
JPN,1,Aluminium,2534.365383068794,4.0375,10.232500234140256,
JPN,2,Aluminium,2534.3653830687945,4.0375,10.232500234140257,
JPN,3,Aluminium,2534.365383068794,4.0375,10.232500234140256,
JPN,4,Aluminium,2534.365383068794,4.0375,10.232500234140256,
JPN,5,Aluminium,2534.365383068794,4.0375,10.232500234140256,
JPN,6,Aluminium,2497.84417947311,4.0375,10.085045874622683,
JPN,7,Aluminium,2531.106222749004,4.0375,10.219341374349103,
JPN,8,Aluminium,2557.799722122613,4.0375,10.327116378070048,
JPN,9,Aluminium,2566.231971151287,4.0375,10.36116158352332,
JPN,10,Aluminium,2566.231971151287,4.0375,10.36116158352332,
JPN,11,Aluminium,2573.558416233702,4.0375,10.390742105543572,
JPN,12,Aluminium,2579.9831443731,4.0375,10.41668194540639,
JPN,13,Aluminium,2585.662942098423,4.0375,10.439614128722381,
JPN,0,Bauxite,49.751492291666665,16.15,0.8034866005104165,
JPN,1,Bauxite,49.75149229166667,16.15,0.8034866005104166,
JPN,2,Bauxite,49.751492291666665,16.15,0.8034866005104165,
JPN,3,Bauxite,49.751492291666665,16.15,0.8034866005104165,
JPN,4,Bauxite,49.75149229166667,16.15,0.8034866005104166,
JPN,5,Bauxite,49.751492291666665,16.15,0.8034866005104165,
JPN,6,Bauxite,49.75149229166667,16.15,0.8034866005104166,
JPN,7,Bauxite,49.751492291666665,16.15,0.8034866005104165,
JPN,8,Bauxite,49.751492291666665,16.15,0.8034866005104165,
JPN,9,Bauxite,49.751492291666665,16.15,0.8034866005104165,
JPN,10,Bauxite,52.74126812500001,16.15,0.8517714802187502,
JPN,11,Bauxite,56.08322941666667,16.15,0.9057441550791667,
JPN,12,Bauxite,56.08322941666667,16.15,0.9057441550791667,
JPN,13,Bauxite,56.08322941666667,16.15,0.9057441550791667,
JPN,0,Compressor,336519.48051948054,1.0,336.5194805194805,
JPN,1,Compressor,334389.6103896104,1.0,334.3896103896104,
JPN,2,Compressor,330981.8181818182,1.0,330.9818181818182,
JPN,3,Compressor,275606.1269146608,1.0,275.6061269146608,
JPN,4,Compressor,272376.3676148796,1.0,272.3763676148796,
JPN,5,Compressor,269146.60831509845,1.0,269.14660831509843,
JPN,6,Compressor,266275.7111597374,1.0,266.2757111597374,
JPN,7,Compressor,247356.0544845065,1.0,247.3560544845065,
JPN,8,Compressor,182923.07692307694,1.0,182.92307692307693,
JPN,9,Compressor,132121.34831460673,1.0,132.12134831460673,
JPN,10,Compressor,77869.13049106584,1.0,77.86913049106583,
JPN,11,Compressor,70100.0,1.0,70.1,
JPN,12,Compressor,69300.0,1.0,69.3,
JPN,13,Compressor,68500.0,1.0,68.5,
JPN,0,Copper,247.2072,5.51666667,1.363759720824024,
JPN,1,Copper,247.2072,5.51666667,1.363759720824024,
JPN,2,Copper,247.2072,5.51666667,1.363759720824024,
JPN,3,Copper,247.2072,5.51666667,1.363759720824024,
JPN,4,Copper,247.2072,5.51666667,1.363759720824024,
JPN,5,Copper,247.2072,5.51666667,1.363759720824024,
JPN,6,Copper,247.2072,5.51666667,1.363759720824024,
JPN,7,Copper,247.2072,5.51666667,1.363759720824024,
JPN,8,Copper,247.2072,5.51666667,1.363759720824024,
JPN,9,Copper,247.2072,5.51666667,1.363759720824024,
JPN,10,Copper,247.2072,5.51666667,1.363759720824024,
JPN,11,Copper,247.2072,5.51666667,1.363759720824024,
JPN,12,Copper,247.2072,5.51666667,1.363759720824024,
JPN,13,Copper,247.2072,5.51666667,1.363759720824024,
JPN,0,Copper_ore,2.187070127294119,5.51666667,0.012065336876196124,
JPN,1,Copper_ore,2.187070127294119,5.51666667,0.012065336876196124,
JPN,2,Copper_ore,2.187070127294119,5.51666667,0.012065336876196124,
JPN,3,Copper_ore,2.1716394329836515,5.51666667,0.01198021087919861,
JPN,4,Copper_ore,68.85673483048318,5.51666667,0.3798596540443546,
JPN,5,Copper_ore,494.27728650642024,5.51666667,2.726763032208009,
JPN,6,Copper_ore,2.171897259966516,5.51666667,0.011981633224721603,
JPN,7,Copper_ore,2.167629891725613,5.51666667,0.011958091576578398,
JPN,8,Copper_ore,2.153860212523821,5.51666667,0.01188212884626928,
JPN,9,Copper_ore,1428.3647403827017,5.51666667,7.879812155872454,
JPN,10,Copper_ore,3045.587472268706,5.51666667,16.80149089883432,
JPN,11,Copper_ore,3046.3829701753916,5.51666667,16.80587939562219,
JPN,12,Copper_ore,3046.8258791587004,5.51666667,16.808322776848254,
JPN,13,Copper_ore,3047.2525586520396,5.51666667,16.810676625387927,
JPN,0,HEX,42710.0000002048,1.0,42.71000000020479,
JPN,1,HEX,42300.0,1.0,42.3,
JPN,2,HEX,41500.0,1.0,41.5,
JPN,3,HEX,30979.130003186125,1.0,30.979130003186125,
JPN,4,HEX,30480.602027861023,1.0,30.480602027861025,
JPN,5,HEX,30030.870127881917,1.0,30.03087012788192,
JPN,6,HEX,29643.72824524206,1.0,29.64372824524206,
JPN,7,HEX,53106.92723293202,1.0,53.10692723293202,
JPN,8,HEX,55601.229999999996,1.0,55.601229999999994,
JPN,9,HEX,29262.791478000247,1.0,29.262791478000246,
JPN,10,HEX,24346.431132338475,1.0,24.346431132338477,
JPN,11,HEX,26327.435101758878,1.0,26.327435101758876,
JPN,12,HEX,25710.786803119878,1.0,25.710786803119877,
JPN,13,HEX,25125.2291205203,1.0,25.1252291205203,
JPN,0,HP,60969.81077766233,1.0,60.96981077766233,
JPN,1,HP,60495.005582857135,1.0,60.49500558285713,
JPN,2,HP,60138.90168675324,1.0,60.13890168675324,
JPN,3,HP,54752.148440000004,1.0,54.752148440000006,
JPN,4,HP,54452.148440000004,1.0,54.45214844,
JPN,5,HP,54152.148440000004,1.0,54.152148440000005,
JPN,6,HP,53852.148440000004,1.0,53.85214844000001,
JPN,7,HP,60316.116293507395,1.0,60.31611629350739,
JPN,8,HP,81965.9866246154,1.0,81.9659866246154,
JPN,9,HP,83631.92372089888,1.0,83.63192372089888,
JPN,10,HP,60470.47304732984,1.0,60.47047304732984,
JPN,11,HP,60709.42999339806,1.0,60.70942999339806,
JPN,12,HP,60325.12141297297,1.0,60.32512141297297,
JPN,13,HP,60018.25722661088,1.0,60.01825722661088,
JPN,0,Iron,36.68906265985355,29.89,1.0966360829030226,
JPN,1,Iron,36.68906265985355,29.89,1.0966360829030226,
JPN,2,Iron,36.68906265985355,29.89,1.0966360829030226,
JPN,3,Iron,36.691071854891824,29.89,1.0966961377427167,
JPN,4,Iron,36.691071854891824,29.89,1.0966961377427167,
JPN,5,Iron,36.691071854891824,29.89,1.0966961377427167,
JPN,6,Iron,36.691071854891824,29.89,1.0966961377427167,
JPN,7,Iron,36.69171269993463,29.89,1.096715292601046,
JPN,8,Iron,36.694262086243256,29.89,1.096791493757811,
JPN,9,Iron,36.696299270672085,29.89,1.0968523852003886,
JPN,10,Iron,36.69759367779935,29.89,1.0968910750294225,
JPN,11,Iron,36.69793644696423,29.89,1.0969013203997608,
JPN,12,Iron,36.698081428601554,29.89,1.0969056539009006,
JPN,13,Iron,36.69822405512706,29.89,1.0969099170077479,
JPN,0,Nickel,7912.005720000002,0.605625,4.7917084641750005,
JPN,1,Nickel,7912.005720000002,0.605625,4.7917084641750005,
JPN,2,Nickel,7912.005720000002,0.605625,4.7917084641750005,
JPN,3,Nickel,7912.005720000002,0.605625,4.7917084641750005,
JPN,4,Nickel,7912.005720000002,0.605625,4.7917084641750005,
JPN,5,Nickel,7912.005720000002,0.605625,4.7917084641750005,
JPN,6,Nickel,7912.005720000002,0.605625,4.7917084641750005,
JPN,7,Nickel,7912.005720000002,0.605625,4.7917084641750005,
JPN,8,Nickel,7912.005720000002,0.605625,4.7917084641750005,
JPN,9,Nickel,7912.005720000002,0.605625,4.7917084641750005,
JPN,10,Nickel,7912.005720000002,0.605625,4.7917084641750005,
JPN,11,Nickel,7912.005720000002,0.605625,4.7917084641750005,
JPN,12,Nickel,7912.005720000002,0.605625,4.7917084641750005,
JPN,13,Nickel,7912.005720000002,0.605625,4.7917084641750005,
JPN,0,Steel,520.8000017999999,18.68125,9.729195033626247,
JPN,1,Steel,520.8000017999999,18.68125,9.729195033626247,
JPN,2,Steel,520.8000017999999,18.68125,9.729195033626247,
JPN,3,Steel,520.8000017999999,18.68125,9.729195033626247,
JPN,4,Steel,520.8000017999999,18.68125,9.729195033626247,
JPN,5,Steel,520.8000017999999,18.68125,9.729195033626247,
JPN,6,Steel,520.8000017999999,18.68125,9.729195033626247,
JPN,7,Steel,520.8000017999999,18.68125,9.729195033626247,
JPN,8,Steel,520.8000018,18.68125,9.72919503362625,
JPN,9,Steel,520.8000017999999,18.68125,9.729195033626247,
JPN,10,Steel,520.8000017999999,18.68125,9.729195033626247,
JPN,11,Steel,520.8000018,18.68125,9.72919503362625,
JPN,12,Steel,520.8000017999999,18.68125,9.729195033626247,
JPN,13,Steel,520.8000018,18.68125,9.72919503362625,
KOR,0,Aluminium,2776.9200000000005,4.0375,11.211814500000001,
KOR,1,Aluminium,2776.9200000000005,4.0375,11.211814500000001,
KOR,2,Aluminium,2776.9200000000005,4.0375,11.211814500000001,
KOR,3,Aluminium,2776.9200000000005,4.0375,11.211814500000001,
KOR,4,Aluminium,2776.9200000000005,4.0375,11.211814500000001,
KOR,5,Aluminium,2776.9200000000005,4.0375,11.211814500000001,
KOR,6,Aluminium,2776.92,4.0375,11.2118145,
KOR,7,Aluminium,2776.92,4.0375,11.2118145,
KOR,8,Aluminium,2483.46,4.0375,10.02696975,
KOR,9,Aluminium,2483.4599999999996,4.0375,10.026969749999997,
KOR,10,Aluminium,2483.459999999999,4.0375,10.026969749999996,
KOR,11,Aluminium,2483.4599999999996,4.0375,10.026969749999997,
KOR,12,Aluminium,2483.4599999999996,4.0375,10.026969749999997,
KOR,13,Aluminium,2483.46,4.0375,10.02696975,
KOR,0,Bauxite,30.660000000000004,16.15,0.495159,
KOR,1,Bauxite,30.660000000000004,16.15,0.495159,
KOR,2,Bauxite,30.660000000000004,16.15,0.495159,
KOR,3,Bauxite,30.660000000000004,16.15,0.495159,
KOR,4,Bauxite,30.660000000000004,16.15,0.495159,
KOR,5,Bauxite,30.660000000000004,16.15,0.495159,
KOR,6,Bauxite,30.660000000000004,16.15,0.495159,
KOR,7,Bauxite,30.660000000000004,16.15,0.495159,
KOR,8,Bauxite,30.660000000000004,16.15,0.495159,
KOR,9,Bauxite,30.660000000000004,16.15,0.495159,
KOR,10,Bauxite,30.660000000000004,16.15,0.495159,
KOR,11,Bauxite,30.660000000000004,16.15,0.495159,
KOR,12,Bauxite,30.660000000000004,16.15,0.495159,
KOR,13,Bauxite,30.660000000000004,16.15,0.495159,
KOR,0,Compressor,232240.59089495376,1.0,232.24059089495375,
KOR,1,Compressor,178909.4285346287,1.0,178.90942853462872,
KOR,2,Compressor,98533.98976059421,1.0,98.53398976059421,
KOR,3,Compressor,73861.25654450263,1.0,73.86125654450262,
KOR,4,Compressor,53054.469326523365,1.0,53.05446932652337,
KOR,5,Compressor,50200.0,1.0,50.2,
KOR,6,Compressor,49600.0,1.0,49.6,
KOR,7,Compressor,49000.0,1.0,49.0,
KOR,8,Compressor,48500.0,1.0,48.5,
KOR,9,Compressor,47900.0,1.0,47.9,
KOR,10,Compressor,47400.0,1.0,47.4,
KOR,11,Compressor,46800.0,1.0,46.8,
KOR,12,Compressor,46300.0,1.0,46.3,
KOR,13,Compressor,45800.0,1.0,45.8,
KOR,5,Copper,202.9692,5.51666667,1.119713420676564,
KOR,6,Copper,202.9692,5.51666667,1.119713420676564,
KOR,7,Copper,202.9692,5.51666667,1.119713420676564,
KOR,8,Copper,202.9692,5.51666667,1.119713420676564,
KOR,9,Copper,202.9692,5.51666667,1.119713420676564,
KOR,10,Copper,202.9692,5.51666667,1.119713420676564,
KOR,11,Copper,202.9692,5.51666667,1.119713420676564,
KOR,12,Copper,202.9692,5.51666667,1.119713420676564,
KOR,13,Copper,202.9692,5.51666667,1.119713420676564,
KOR,0,Copper_ore,1.7147188000000002,5.51666667,0.009459532052382397,
KOR,1,Copper_ore,1.7147188,5.51666667,0.009459532052382395,
KOR,2,Copper_ore,1.7147187999999998,5.51666667,0.009459532052382395,
KOR,3,Copper_ore,1.7147188,5.51666667,0.009459532052382395,
KOR,4,Copper_ore,1.7147188000000002,5.51666667,0.009459532052382397,
KOR,5,Copper_ore,1.7189907272349034,5.51666667,0.009483098850975853,
KOR,6,Copper_ore,1.7187797725867746,5.51666667,0.00948193508449964,
KOR,7,Copper_ore,1.7187797725867746,5.51666667,0.00948193508449964,
KOR,8,Copper_ore,1.7184321055308855,5.51666667,0.009480017121240159,
KOR,9,Copper_ore,1.7180888086426533,5.51666667,0.009478123266738933,
KOR,10,Copper_ore,821.0700594587606,5.51666667,4.529569830751063,
KOR,11,Copper_ore,2979.4277741736537,5.51666667,16.436509897456084,
KOR,12,Copper_ore,3046.0244972638757,5.51666667,16.803901820059128,
KOR,13,Copper_ore,3046.3898898549955,5.51666667,16.805917569188026,
KOR,0,HEX,79153.31986355127,1.0,79.15331986355126,
KOR,1,HEX,67635.39409412286,1.0,67.63539409412286,
KOR,2,HEX,59239.438774118564,1.0,59.23943877411856,
KOR,3,HEX,57862.70015330449,1.0,57.86270015330449,
KOR,4,HEX,51127.62223624875,1.0,51.127622236248754,
KOR,5,HEX,45948.75764812822,1.0,45.94875764812822,
KOR,6,HEX,38672.96823637173,1.0,38.67296823637173,
KOR,7,HEX,37985.84878015119,1.0,37.98584878015119,
KOR,8,HEX,38842.787697806976,1.0,38.842787697806976,
KOR,9,HEX,39174.41221602524,1.0,39.17441221602524,
KOR,10,HEX,42884.35829001543,1.0,42.88435829001543,
KOR,11,HEX,43031.268640624345,1.0,43.03126864062435,
KOR,12,HEX,43146.264624857,1.0,43.146264624857004,
KOR,13,HEX,43248.62444133329,1.0,43.24862444133329,
KOR,0,HP,65253.20095297221,1.0,65.25320095297221,
KOR,1,HP,62166.63157450775,1.0,62.166631574507754,
KOR,2,HP,59316.64067502108,1.0,59.316640675021084,
KOR,3,HP,50658.50844,1.0,50.65850844,
KOR,4,HP,50358.50844,1.0,50.358508439999994,
KOR,5,HP,52402.1334349096,1.0,52.4021334349096,
KOR,6,HP,54519.7625530224,1.0,54.5197625530224,
KOR,7,HP,49558.508440000005,1.0,49.558508440000004,
KOR,8,HP,56891.03381396747,1.0,56.89103381396747,
KOR,9,HP,56691.033612726904,1.0,56.691033612726905,
KOR,10,HP,96088.56569,1.0,96.08856569000001,
KOR,11,HP,56606.25037548387,1.0,56.60625037548387,
KOR,12,HP,55772.966271325306,1.0,55.7729662713253,
KOR,13,HP,56294.26262994412,1.0,56.29426262994412,
KOR,0,Iron,27.782289235026116,29.89,0.8304126252349305,
KOR,1,Iron,28.726186128697798,29.89,0.8586257033867771,
KOR,2,Iron,30.457978057436495,29.89,0.910388964136777,
KOR,3,Iron,31.294458353086924,29.89,0.9353913601737682,
KOR,4,Iron,31.870354081303315,29.89,0.9526048834901562,
KOR,5,Iron,31.95310780821708,29.89,0.9550783923876085,
KOR,6,Iron,31.97043763527665,29.89,0.955596380918419,
KOR,7,Iron,31.970437635276653,29.89,0.9555963809184193,
KOR,8,Iron,32.000173942631626,29.89,0.9564851991452593,
KOR,9,Iron,32.03111876363242,29.89,0.957410139844973,
KOR,10,Iron,32.310261694013704,29.89,0.9657537220340695,
KOR,11,Iron,32.353136564060655,29.89,0.967035251899773,
KOR,12,Iron,32.39392986216934,29.89,0.9682545635802415,
KOR,13,Iron,32.43965784042115,29.89,0.9696213728501881,
KOR,0,Nickel,2493.480377189113,0.605625,1.5101140534351563,
KOR,0,Nickel,3958.574261640001,0.605625,2.3974115372057256,
KOR,1,Nickel,2493.480377189113,0.605625,1.5101140534351563,
KOR,1,Nickel,3958.574261640001,0.605625,2.3974115372057256,
KOR,2,Nickel,2493.480377189113,0.605625,1.5101140534351563,
KOR,2,Nickel,3958.574261640001,0.605625,2.3974115372057256,
KOR,3,Nickel,2493.480377189113,0.605625,1.5101140534351563,
KOR,3,Nickel,3958.574261640001,0.605625,2.3974115372057256,
KOR,4,Nickel,2493.480377189113,0.605625,1.5101140534351563,
KOR,4,Nickel,3958.574261640001,0.605625,2.3974115372057256,
KOR,5,Nickel,2493.480377189113,0.605625,1.5101140534351563,
KOR,5,Nickel,3958.574261640001,0.605625,2.3974115372057256,
KOR,6,Nickel,2802.366617049601,0.605625,1.6971832824506645,
KOR,6,Nickel,3958.574261640001,0.605625,2.3974115372057256,
KOR,7,Nickel,2802.366617049601,0.605625,1.6971832824506645,
KOR,7,Nickel,3958.574261640001,0.605625,2.3974115372057256,
KOR,8,Nickel,2948.228833228801,0.605625,1.7855210871241924,
KOR,8,Nickel,4186.483974420001,0.605625,2.5354393570081126,
KOR,9,Nickel,2948.2288332288003,0.605625,1.7855210871241922,
KOR,9,Nickel,4186.48397442,0.605625,2.535439357008112,
KOR,10,Nickel,2948.228833228801,0.605625,1.7855210871241924,
KOR,10,Nickel,4186.483974420001,0.605625,2.5354393570081126,
KOR,11,Nickel,2948.2288332288003,0.605625,1.7855210871241922,
KOR,11,Nickel,4186.48397442,0.605625,2.535439357008112,
KOR,12,Nickel,2948.2288332288003,0.605625,1.7855210871241922,
KOR,12,Nickel,4186.48397442,0.605625,2.535439357008112,
KOR,13,Nickel,2948.2288332288003,0.605625,1.7855210871241922,
KOR,13,Nickel,4186.48397442,0.605625,2.535439357008112,
KOR,0,Refrigerant,10678.441000000003,0.56875,6.073363318750001,
KOR,1,Refrigerant,10678.441,0.56875,6.07336331875,
KOR,2,Refrigerant,10678.441,0.56875,6.07336331875,
KOR,3,Refrigerant,10678.441,0.56875,6.07336331875,
KOR,4,Refrigerant,10678.441,0.56875,6.07336331875,
KOR,5,Refrigerant,10678.441,0.56875,6.07336331875,
KOR,6,Refrigerant,10678.441000000003,0.56875,6.073363318750001,
KOR,7,Refrigerant,10678.441000000003,0.56875,6.073363318750001,
KOR,8,Refrigerant,10678.441,0.56875,6.07336331875,
KOR,9,Refrigerant,10678.441,0.56875,6.07336331875,
KOR,10,Refrigerant,10678.441,0.56875,6.07336331875,
KOR,11,Refrigerant,10678.441,0.56875,6.07336331875,
KOR,12,Refrigerant,10678.441,0.56875,6.07336331875,
KOR,13,Refrigerant,10678.440999999999,0.56875,6.073363318749999,
KOR,0,Steel,508.2000032399999,18.68125,9.493811310527247,
KOR,1,Steel,508.20000324,18.68125,9.49381131052725,
KOR,2,Steel,508.2000032399999,18.68125,9.493811310527247,
KOR,3,Steel,508.20000323999994,18.68125,9.493811310527247,
KOR,4,Steel,508.2000032399999,18.68125,9.493811310527247,
KOR,5,Steel,508.20000324,18.68125,9.49381131052725,
KOR,6,Steel,508.20000324,18.68125,9.49381131052725,
KOR,7,Steel,508.20000324,18.68125,9.49381131052725,
KOR,8,Steel,508.20000324000006,18.68125,9.49381131052725,
KOR,9,Steel,508.2000032399999,18.68125,9.493811310527247,
KOR,10,Steel,508.20000324000006,18.68125,9.49381131052725,
KOR,11,Steel,508.2000032399999,18.68125,9.493811310527247,
KOR,12,Steel,508.20000323999994,18.68125,9.493811310527247,
KOR,13,Steel,508.20000324,18.68125,9.49381131052725,
ROE,0,Aluminium,1897.416,4.0375,7.660817099999999,
ROE,1,Aluminium,1897.416,4.0375,7.660817099999999,
ROE,2,Aluminium,1897.416,4.0375,7.660817099999999,
ROE,3,Aluminium,1897.416,4.0375,7.660817099999999,
ROE,4,Aluminium,1897.416,4.0375,7.660817099999999,
ROE,5,Aluminium,1897.416,4.0375,7.660817099999999,
ROE,6,Aluminium,1897.4159999999997,4.0375,7.660817099999998,
ROE,7,Aluminium,1897.4159999999997,4.0375,7.660817099999998,
ROE,8,Aluminium,1897.416,4.0375,7.660817099999999,
ROE,9,Aluminium,1897.4159999999997,4.0375,7.660817099999998,
ROE,10,Aluminium,1897.4160000000002,4.0375,7.6608171,
ROE,11,Aluminium,1897.416,4.0375,7.660817099999999,
ROE,12,Aluminium,1897.4159999999997,4.0375,7.660817099999998,
ROE,13,Aluminium,1897.416,4.0375,7.660817099999999,
ROE,0,Bauxite,30.660000000000004,16.15,0.495159,
ROE,1,Bauxite,30.660000000000004,16.15,0.495159,
ROE,2,Bauxite,30.660000000000004,16.15,0.495159,
ROE,3,Bauxite,30.660000000000004,16.15,0.495159,
ROE,4,Bauxite,30.660000000000004,16.15,0.495159,
ROE,5,Bauxite,30.660000000000004,16.15,0.495159,
ROE,6,Bauxite,30.660000000000004,16.15,0.495159,
ROE,7,Bauxite,30.660000000000004,16.15,0.495159,
ROE,8,Bauxite,30.660000000000004,16.15,0.495159,
ROE,9,Bauxite,30.660000000000004,16.15,0.495159,
ROE,10,Bauxite,30.66,16.15,0.49515899999999996,
ROE,11,Bauxite,30.660000000000007,16.15,0.49515900000000007,
ROE,12,Bauxite,30.660000000000007,16.15,0.49515900000000007,
ROE,13,Bauxite,30.660000000000007,16.15,0.49515900000000007,
ROE,0,Compressor,103907.14285714286,1.0,103.90714285714286,
ROE,1,Compressor,87425.47928262212,1.0,87.42547928262212,
ROE,2,Compressor,85349.41249226962,1.0,85.34941249226962,
ROE,3,Compressor,72200.0,1.0,72.2,
ROE,4,Compressor,70400.0,1.0,70.4,
ROE,5,Compressor,68700.0,1.0,68.7,
ROE,6,Compressor,67100.0,1.0,67.1,
ROE,7,Compressor,65400.00000000001,1.0,65.4,
ROE,8,Compressor,49612.369504328984,1.0,49.61236950432898,
ROE,9,Compressor,42639.22195337712,1.0,42.63922195337712,
ROE,10,Compressor,38677.01749397646,1.0,38.677017493976464,
ROE,11,Compressor,97834.4827586207,1.0,97.8344827586207,
ROE,12,Compressor,65136.95652173913,1.0,65.13695652173912,
ROE,13,Compressor,63797.2602739726,1.0,63.7972602739726,
ROE,0,Copper,263.7636,5.51666667,1.455095860879212,
ROE,1,Copper,263.7636,5.51666667,1.455095860879212,
ROE,2,Copper,263.7636,5.51666667,1.455095860879212,
ROE,3,Copper,263.7636,5.51666667,1.455095860879212,
ROE,4,Copper,263.7636,5.51666667,1.455095860879212,
ROE,5,Copper,263.7636,5.51666667,1.455095860879212,
ROE,6,Copper,263.7636,5.51666667,1.455095860879212,
ROE,7,Copper,263.7636,5.51666667,1.455095860879212,
ROE,8,Copper,263.7636,5.51666667,1.455095860879212,
ROE,9,Copper,263.7636,5.51666667,1.455095860879212,
ROE,10,Copper,263.7636,5.51666667,1.455095860879212,
ROE,11,Copper,263.7636,5.51666667,1.455095860879212,
ROE,12,Copper,263.7636,5.51666667,1.455095860879212,
ROE,13,Copper,263.7636,5.51666667,1.455095860879212,
ROE,0,Copper_ore,3056.79324,5.51666667,16.863309384189314,
ROE,1,Copper_ore,3056.79324,5.51666667,16.863309384189314,
ROE,2,Copper_ore,3056.79324,5.51666667,16.863309384189314,
ROE,3,Copper_ore,3056.79324,5.51666667,16.863309384189314,
ROE,4,Copper_ore,3056.79324,5.51666667,16.863309384189314,
ROE,5,Copper_ore,3056.79324,5.51666667,16.863309384189314,
ROE,6,Copper_ore,3056.79324,5.51666667,16.863309384189314,
ROE,7,Copper_ore,3056.79324,5.51666667,16.863309384189314,
ROE,8,Copper_ore,3056.79324,5.51666667,16.863309384189314,
ROE,9,Copper_ore,3056.79324,5.51666667,16.863309384189314,
ROE,10,Copper_ore,3056.79324,5.51666667,16.863309384189314,
ROE,11,Copper_ore,3056.79324,5.51666667,16.863309384189314,
ROE,12,Copper_ore,3056.79324,5.51666667,16.863309384189314,
ROE,13,Copper_ore,3056.79324,5.51666667,16.863309384189314,
ROE,0,HEX,25937.099331953697,1.0,25.937099331953696,
ROE,1,HEX,25346.4998421347,1.0,25.3464998421347,
ROE,2,HEX,24183.142699277552,1.0,24.183142699277553,
ROE,3,HEX,28439.7000665745,1.0,28.4397000665745,
ROE,4,HEX,28615.485458297146,1.0,28.615485458297147,
ROE,5,HEX,28182.402974222026,1.0,28.182402974222025,
ROE,6,HEX,25324.155189851695,1.0,25.324155189851695,
ROE,7,HEX,57871.93437781797,1.0,57.871934377817965,
ROE,8,HEX,35541.48846760416,1.0,35.54148846760416,
ROE,9,HEX,37526.203632999684,1.0,37.52620363299968,
ROE,10,HEX,40131.990321895224,1.0,40.13199032189522,
ROE,11,HEX,34110.95272727276,1.0,34.11095272727276,
ROE,12,HEX,34055.87188612099,1.0,34.05587188612099,
ROE,13,HEX,31612.328767123283,1.0,31.612328767123284,
ROE,0,HP,40187.792117993886,1.0,40.18779211799389,
ROE,1,HP,33569.337623763895,1.0,33.56933762376389,
ROE,2,HP,30574.7390971963,1.0,30.5747390971963,
ROE,3,HP,38203.706189526645,1.0,38.20370618952664,
ROE,4,HP,32540.734228917692,1.0,32.54073422891769,
ROE,5,HP,31718.597442264218,1.0,31.71859744226422,
ROE,6,HP,30980.720551696988,1.0,30.980720551696987,
ROE,7,HP,32781.87265909895,1.0,32.78187265909895,
ROE,8,HP,35253.72753719814,1.0,35.25372753719814,
ROE,9,HP,35145.13794156511,1.0,35.14513794156511,
ROE,10,HP,36035.67326917635,1.0,36.03567326917635,
ROE,11,HP,37405.02114802686,1.0,37.40502114802686,
ROE,12,HP,38828.0489153088,1.0,38.8280489153088,
ROE,13,HP,40164.14354024259,1.0,40.16414354024259,
ROE,0,Iron,30.94462116,29.89,0.9249347264724,
ROE,1,Iron,30.94462116,29.89,0.9249347264724,
ROE,2,Iron,30.94462116,29.89,0.9249347264724,
ROE,3,Iron,30.944621160000004,29.89,0.9249347264724002,
ROE,4,Iron,30.94462116,29.89,0.9249347264724,
ROE,5,Iron,30.94462116,29.89,0.9249347264724,
ROE,6,Iron,30.94462116,29.89,0.9249347264724,
ROE,7,Iron,30.94462116,29.89,0.9249347264724,
ROE,8,Iron,30.944621159999993,29.89,0.9249347264723998,
ROE,9,Iron,30.944621160000008,29.89,0.9249347264724003,
ROE,10,Iron,30.94462116,29.89,0.9249347264724,
ROE,11,Iron,30.944621159999997,29.89,0.9249347264723999,
ROE,12,Iron,30.94462116,29.89,0.9249347264724,
ROE,13,Iron,30.94462116,29.89,0.9249347264724,
ROE,0,Nickel,3913.578180000001,0.605625,2.3701607852625006,
ROE,0,Nickel,3913.578180000001,0.605625,2.3701607852625006,
ROE,1,Nickel,3913.578180000001,0.605625,2.3701607852625006,
ROE,1,Nickel,3913.578180000001,0.605625,2.3701607852625006,
ROE,2,Nickel,3913.578180000001,0.605625,2.3701607852625006,
ROE,2,Nickel,3913.578180000001,0.605625,2.3701607852625006,
ROE,3,Nickel,3913.578180000001,0.605625,2.3701607852625006,
ROE,3,Nickel,3913.578180000001,0.605625,2.3701607852625006,
ROE,4,Nickel,3913.578180000001,0.605625,2.3701607852625006,
ROE,4,Nickel,3913.578180000001,0.605625,2.3701607852625006,
ROE,5,Nickel,3913.578180000001,0.605625,2.3701607852625006,
ROE,5,Nickel,3913.578180000001,0.605625,2.3701607852625006,
ROE,6,Nickel,3913.578180000001,0.605625,2.3701607852625006,
ROE,6,Nickel,3913.578180000001,0.605625,2.3701607852625006,
ROE,7,Nickel,3913.5781800000013,0.605625,2.3701607852625006,
ROE,7,Nickel,3913.5781800000013,0.605625,2.3701607852625006,
ROE,8,Nickel,3913.578180000001,0.605625,2.3701607852625006,
ROE,8,Nickel,3913.578180000001,0.605625,2.3701607852625006,
ROE,9,Nickel,3913.578180000001,0.605625,2.3701607852625006,
ROE,9,Nickel,3913.578180000001,0.605625,2.3701607852625006,
ROE,10,Nickel,3913.578180000001,0.605625,2.3701607852625006,
ROE,10,Nickel,3913.578180000001,0.605625,2.3701607852625006,
ROE,11,Nickel,3913.578180000001,0.605625,2.3701607852625006,
ROE,11,Nickel,3913.578180000001,0.605625,2.3701607852625006,
ROE,12,Nickel,3913.578180000001,0.605625,2.3701607852625006,
ROE,12,Nickel,3913.578180000001,0.605625,2.3701607852625006,
ROE,13,Nickel,3913.578180000001,0.605625,2.3701607852625006,
ROE,13,Nickel,3913.578180000001,0.605625,2.3701607852625006,
ROE,8,Refrigerant,2149.11808,0.56875,1.222310908,
ROE,9,Refrigerant,2149.1180799999997,0.56875,1.2223109079999996,
ROE,10,Refrigerant,2149.1180799999997,0.56875,1.2223109079999996,
ROE,11,Refrigerant,2149.11808,0.56875,1.222310908,
ROE,12,Refrigerant,2149.1180799999997,0.56875,1.2223109079999996,
ROE,13,Refrigerant,2149.1180799999997,0.56875,1.2223109079999996,
ROE,0,Steel,495.59999592,18.68125,9.2584274237805,
ROE,1,Steel,495.5999959200001,18.68125,9.258427423780502,
ROE,2,Steel,495.5999959200001,18.68125,9.258427423780502,
ROE,3,Steel,495.59999592,18.68125,9.2584274237805,
ROE,4,Steel,495.59999592,18.68125,9.2584274237805,
ROE,5,Steel,495.59999592,18.68125,9.2584274237805,
ROE,6,Steel,495.59999592,18.68125,9.2584274237805,
ROE,7,Steel,495.59999592,18.68125,9.2584274237805,
ROE,8,Steel,495.59999592,18.68125,9.2584274237805,
ROE,9,Steel,495.5999959200001,18.68125,9.258427423780502,
ROE,10,Steel,495.59999592,18.68125,9.2584274237805,
ROE,11,Steel,495.59999591999997,18.68125,9.2584274237805,
ROE,12,Steel,495.59999592,18.68125,9.2584274237805,
ROE,13,Steel,495.59999592,18.68125,9.2584274237805,
ROW,0,Aluminium,2827.4818548690314,4.0375,11.415957989033712,
ROW,1,Aluminium,2827.927931274183,4.0375,11.417759022519514,
ROW,2,Aluminium,2828.2263907845254,4.0375,11.418964052792521,
ROW,3,Aluminium,2828.455827383675,4.0375,11.419890403061588,
ROW,4,Aluminium,2828.6353722965314,4.0375,11.420615315647243,
ROW,5,Aluminium,2828.777979531398,4.0375,11.42119109235802,
ROW,6,Aluminium,2829.48,4.0375,11.424025499999999,
ROW,7,Aluminium,2829.48,4.0375,11.424025499999999,
ROW,8,Aluminium,2829.48,4.0375,11.424025499999999,
ROW,9,Aluminium,2829.48,4.0375,11.424025499999999,
ROW,10,Aluminium,2829.479999999999,4.0375,11.424025499999996,
ROW,11,Aluminium,2829.48,4.0375,11.424025499999999,
ROW,12,Aluminium,2829.48,4.0375,11.424025499999999,
ROW,13,Aluminium,2829.48,4.0375,11.424025499999999,
ROW,11,Bauxite,30.66,16.15,0.49515899999999996,
ROW,12,Bauxite,30.660000000000004,16.15,0.495159,
ROW,13,Bauxite,30.660000000000007,16.15,0.49515900000000007,
ROW,0,Compressor,242587.06748324333,1.0,242.58706748324332,
ROW,1,Compressor,154343.5294117647,1.0,154.3435294117647,
ROW,2,Compressor,151425.88235294117,1.0,151.4258823529412,
ROW,3,Compressor,148508.23529411765,1.0,148.50823529411764,
ROW,4,Compressor,145590.58823529413,1.0,145.59058823529412,
ROW,5,Compressor,118149.47807933191,1.0,118.14947807933191,
ROW,6,Compressor,110956.0585885486,1.0,110.9560585885486,
ROW,7,Compressor,105856.11157422863,1.0,105.85611157422863,
ROW,8,Compressor,75559.85783631394,1.0,75.55985783631394,
ROW,9,Compressor,49180.630820851315,1.0,49.18063082085131,
ROW,10,Compressor,44400.0,1.0,44.4,
ROW,11,Compressor,43500.0,1.0,43.5,
ROW,12,Compressor,74804.83377523966,1.0,74.80483377523966,
ROW,13,Compressor,61490.22103148021,1.0,61.4902210314802,
ROW,5,Copper,263.50079999999997,5.51666667,1.453646080878336,
ROW,6,Copper,263.50079999999997,5.51666667,1.453646080878336,
ROW,7,Copper,263.50079999999997,5.51666667,1.453646080878336,
ROW,8,Copper,263.50079999999997,5.51666667,1.453646080878336,
ROW,9,Copper,263.50079999999997,5.51666667,1.453646080878336,
ROW,10,Copper,263.50079999999997,5.51666667,1.453646080878336,
ROW,11,Copper,263.50079999999997,5.51666667,1.453646080878336,
ROW,12,Copper,263.50079999999997,5.51666667,1.453646080878336,
ROW,13,Copper,263.50079999999997,5.51666667,1.453646080878336,
ROW,0,Copper_ore,1.61951512,5.51666667,0.00893432508406505,
ROW,1,Copper_ore,1.61951512,5.51666667,0.00893432508406505,
ROW,2,Copper_ore,1.61951512,5.51666667,0.00893432508406505,
ROW,3,Copper_ore,1.61951512,5.51666667,0.00893432508406505,
ROW,4,Copper_ore,1.61951512,5.51666667,0.00893432508406505,
ROW,5,Copper_ore,138.82794671104315,5.51666667,0.7658675064853478,
ROW,6,Copper_ore,3052.97388,5.51666667,16.842239248176583,
ROW,7,Copper_ore,3052.97388,5.51666667,16.842239248176583,
ROW,8,Copper_ore,3052.9738800000005,5.51666667,16.842239248176583,
ROW,9,Copper_ore,3052.97388,5.51666667,16.842239248176583,
ROW,10,Copper_ore,3052.97388,5.51666667,16.842239248176583,
ROW,11,Copper_ore,3052.97388,5.51666667,16.842239248176583,
ROW,12,Copper_ore,3052.97388,5.51666667,16.842239248176583,
ROW,13,Copper_ore,3052.9738800000005,5.51666667,16.842239248176583,
ROW,0,HEX,94439.3670886076,1.0,94.4393670886076,
ROW,1,HEX,72522.34652956629,1.0,72.52234652956629,
ROW,2,HEX,57147.759757785396,1.0,57.147759757785394,
ROW,3,HEX,46188.29508967212,1.0,46.188295089672124,
ROW,4,HEX,37541.098114619395,1.0,37.541098114619395,
ROW,5,HEX,30859.75984711633,1.0,30.85975984711633,
ROW,6,HEX,26700.000000000004,1.0,26.700000000000003,
ROW,7,HEX,26400.000000000004,1.0,26.400000000000002,
ROW,8,HEX,26000.000000000004,1.0,26.000000000000004,
ROW,9,HEX,34134.415000067536,1.0,34.134415000067534,
ROW,10,HEX,34762.49270797653,1.0,34.762492707976534,
ROW,11,HEX,34738.480589383755,1.0,34.738480589383755,
ROW,12,HEX,32116.298032899223,1.0,32.11629803289922,
ROW,13,HEX,29361.00628930819,1.0,29.36100628930819,
ROW,0,HP,73024.03249989146,1.0,73.02403249989146,
ROW,1,HP,57787.405679999996,1.0,57.78740568,
ROW,2,HP,58187.405679999996,1.0,58.18740568,
ROW,3,HP,58587.405679999996,1.0,58.587405679999996,
ROW,4,HP,59087.405679999996,1.0,59.087405679999996,
ROW,5,HP,59487.405679999996,1.0,59.487405679999995,
ROW,6,HP,59987.405679999996,1.0,59.987405679999995,
ROW,7,HP,60387.405679999996,1.0,60.38740567999999,
ROW,8,HP,60887.405679999996,1.0,60.88740567999999,
ROW,9,HP,61287.405679999996,1.0,61.28740568,
ROW,10,HP,61787.405679999996,1.0,61.78740568,
ROW,11,HP,62287.405679999996,1.0,62.28740568,
ROW,12,HP,62787.405679999996,1.0,62.78740568,
ROW,13,HP,63287.405679999996,1.0,63.28740568,
ROW,0,Iron,30.905998320000002,29.89,0.9237802897848001,
ROW,1,Iron,30.905998320000005,29.89,0.9237802897848002,
ROW,2,Iron,30.905998320000005,29.89,0.9237802897848002,
ROW,3,Iron,30.905998320000005,29.89,0.9237802897848002,
ROW,4,Iron,30.905998320000005,29.89,0.9237802897848002,
ROW,5,Iron,30.905998320000002,29.89,0.9237802897848001,
ROW,6,Iron,30.90599832,29.89,0.9237802897848,
ROW,7,Iron,30.905998320000002,29.89,0.9237802897848001,
ROW,8,Iron,30.90599832,29.89,0.9237802897848,
ROW,9,Iron,30.90599832,29.89,0.9237802897848,
ROW,10,Iron,30.905998320000002,29.89,0.9237802897848001,
ROW,11,Iron,30.905998320000002,29.89,0.9237802897848001,
ROW,12,Iron,30.905998320000005,29.89,0.9237802897848002,
ROW,13,Iron,30.905998320000002,29.89,0.9237802897848001,
ROW,0,Nickel,8366.395680000001,0.605625,5.066898383700001,
ROW,1,Nickel,8366.395680000001,0.605625,5.066898383700001,
ROW,2,Nickel,8366.395680000001,0.605625,5.066898383700001,
ROW,3,Nickel,8366.39568,0.605625,5.0668983837,
ROW,4,Nickel,8366.39568,0.605625,5.0668983837,
ROW,5,Nickel,8366.395679999998,0.605625,5.066898383699999,
ROW,6,Nickel,8366.395679999998,0.605625,5.066898383699999,
ROW,7,Nickel,8366.395680000001,0.605625,5.066898383700001,
ROW,8,Nickel,8366.395680000001,0.605625,5.066898383700001,
ROW,9,Nickel,8366.39568,0.605625,5.0668983837,
ROW,10,Nickel,8366.395680000001,0.605625,5.066898383700001,
ROW,11,Nickel,8366.39568,0.605625,5.0668983837,
ROW,12,Nickel,8366.39568,0.605625,5.0668983837,
ROW,13,Nickel,8366.39568,0.605625,5.0668983837,
ROW,0,Steel,490.1781778800001,18.68125,9.15714108552075,
ROW,1,Steel,490.17817788,18.68125,9.157141085520749,
ROW,2,Steel,490.17817788,18.68125,9.157141085520749,
ROW,3,Steel,490.17817788,18.68125,9.157141085520749,
ROW,4,Steel,490.17817788,18.68125,9.157141085520749,
ROW,5,Steel,490.17817788,18.68125,9.157141085520749,
ROW,6,Steel,490.1781778800001,18.68125,9.15714108552075,
ROW,7,Steel,490.17817788,18.68125,9.157141085520749,
ROW,8,Steel,490.1781778800001,18.68125,9.15714108552075,
ROW,9,Steel,490.1781778800001,18.68125,9.15714108552075,
ROW,10,Steel,490.1781778800001,18.68125,9.15714108552075,
ROW,11,Steel,490.1781778800001,18.68125,9.15714108552075,
ROW,12,Steel,490.1781778800001,18.68125,9.15714108552075,
ROW,13,Steel,490.1781778800001,18.68125,9.15714108552075,
USA,0,Aluminium,1515.1963027047505,4.0375,6.117605072170429,
USA,1,Aluminium,1515.1963027047505,4.0375,6.117605072170429,
USA,2,Aluminium,1515.1963027047505,4.0375,6.117605072170429,
USA,3,Aluminium,1515.1963027047505,4.0375,6.117605072170429,
USA,4,Aluminium,1515.1963027047505,4.0375,6.117605072170429,
USA,5,Aluminium,1515.1963027047505,4.0375,6.117605072170429,
USA,6,Aluminium,1514.7820116021708,4.0375,6.115932371843765,
USA,7,Aluminium,1514.7820116021708,4.0375,6.115932371843765,
USA,8,Aluminium,1503.280898635981,4.0375,6.0694966282427725,
USA,9,Aluminium,1503.280898635981,4.0375,6.0694966282427725,
USA,10,Aluminium,1496.9054188907276,4.0375,6.043755628771312,
USA,11,Aluminium,1496.9054188907276,4.0375,6.043755628771312,
USA,12,Aluminium,1483.3258771950616,4.0375,5.988928229175061,
USA,13,Aluminium,1476.9503974498082,4.0375,5.9631872297036,
USA,0,Bauxite,49.56680198404542,16.15,0.8005038520423335,
USA,1,Bauxite,49.56680198404543,16.15,0.8005038520423338,
USA,2,Bauxite,49.56680198404542,16.15,0.8005038520423335,
USA,3,Bauxite,49.56680198404542,16.15,0.8005038520423335,
USA,4,Bauxite,49.56680198404543,16.15,0.8005038520423338,
USA,5,Bauxite,49.56680198404542,16.15,0.8005038520423335,
USA,6,Bauxite,49.56680198404543,16.15,0.8005038520423338,
USA,7,Bauxite,49.56680198404542,16.15,0.8005038520423335,
USA,8,Bauxite,49.56680198404542,16.15,0.8005038520423335,
USA,9,Bauxite,49.56680198404542,16.15,0.8005038520423335,
USA,10,Bauxite,47.82870457544619,16.15,0.7724335788934559,
USA,11,Bauxite,51.6613685944835,16.15,0.8343311028009084,
USA,12,Bauxite,51.66136859448351,16.15,0.8343311028009086,
USA,13,Bauxite,51.66136859448351,16.15,0.8343311028009086,
USA,0,Compressor,63452.54356162695,1.0,63.45254356162695,
USA,1,Compressor,66367.48277563592,1.0,66.36748277563592,
USA,2,Compressor,66391.42369003229,1.0,66.39142369003228,
USA,3,Compressor,63619.10752312328,1.0,63.61910752312328,
USA,4,Compressor,57884.49872586188,1.0,57.88449872586188,
USA,5,Compressor,60834.63014857132,1.0,60.83463014857132,
USA,6,Compressor,64248.356006265225,1.0,64.24835600626523,
USA,7,Compressor,63456.378876456176,1.0,63.45637887645618,
USA,8,Compressor,61923.988061257514,1.0,61.92398806125752,
USA,9,Compressor,64383.707202444704,1.0,64.38370720244471,
USA,10,Compressor,71722.48941235339,1.0,71.72248941235338,
USA,11,Compressor,72389.78486343747,1.0,72.38978486343747,
USA,12,Compressor,73898.70580250096,1.0,73.89870580250096,
USA,13,Compressor,74037.03334956641,1.0,74.03703334956641,
USA,0,Copper_ore,1.8575243199999998,5.51666667,0.010247342504858413,
USA,1,Copper_ore,1.8575243199999998,5.51666667,0.010247342504858413,
USA,2,Copper_ore,1.85752432,5.51666667,0.010247342504858415,
USA,3,Copper_ore,1.85752432,5.51666667,0.010247342504858415,
USA,4,Copper_ore,1.85752432,5.51666667,0.010247342504858415,
USA,5,Copper_ore,1.8575243199999998,5.51666667,0.010247342504858413,
USA,6,Copper_ore,68.91352691177264,5.51666667,0.38017295702632414,
USA,7,Copper_ore,1328.3656549977084,5.51666667,7.328150534498577,
USA,8,Copper_ore,2503.8844961048776,5.51666667,13.813096145191523,
USA,9,Copper_ore,3055.3637567743244,5.51666667,16.855423401722902,
USA,10,Copper_ore,3055.363669156876,5.51666667,16.855422918366646,
USA,11,Copper_ore,3055.3636108694836,5.51666667,16.85542259681453,
USA,12,Copper_ore,3055.363520782331,5.51666667,16.85542209983374,
USA,13,Copper_ore,3055.363480852463,5.51666667,16.855421879553965,
USA,0,HEX,46589.68627591907,1.0,46.58968627591907,
USA,1,HEX,45837.00870780133,1.0,45.83700870780133,
USA,2,HEX,33339.989090193536,1.0,33.339989090193534,
USA,3,HEX,32406.780123216613,1.0,32.40678012321661,
USA,4,HEX,28316.174933813883,1.0,28.316174933813883,
USA,5,HEX,26410.82302008023,1.0,26.410823020080233,
USA,6,HEX,25143.239637057868,1.0,25.143239637057867,
USA,7,HEX,24954.912440823373,1.0,24.954912440823374,
USA,8,HEX,24984.25656806955,1.0,24.98425656806955,
USA,9,HEX,25407.160188485796,1.0,25.407160188485797,
USA,10,HEX,26343.04657650983,1.0,26.34304657650983,
USA,11,HEX,27147.039216421515,1.0,27.147039216421515,
USA,12,HEX,28833.743439179307,1.0,28.833743439179308,
USA,13,HEX,29618.27575861533,1.0,29.618275758615333,
USA,0,HP,52673.076027493655,1.0,52.67307602749366,
USA,1,HP,46584.751679941386,1.0,46.584751679941384,
USA,2,HP,51262.05150860338,1.0,51.26205150860338,
USA,3,HP,44570.074748433566,1.0,44.57007474843357,
USA,4,HP,73698.34635004502,1.0,73.69834635004501,
USA,5,HP,63353.72107546117,1.0,63.35372107546117,
USA,6,HP,60678.323485209745,1.0,60.678323485209745,
USA,7,HP,62176.65389915365,1.0,62.17665389915365,
USA,8,HP,57497.85471146918,1.0,57.49785471146918,
USA,9,HP,62325.581961629294,1.0,62.3255819616293,
USA,10,HP,71068.42149208853,1.0,71.06842149208853,
USA,11,HP,66384.61702028895,1.0,66.38461702028894,
USA,12,HP,74957.74232011338,1.0,74.95774232011338,
USA,13,HP,64078.56208806189,1.0,64.07856208806189,
USA,0,Iron,33.21000972,29.89,0.9926471905308001,
USA,1,Iron,33.21000972,29.89,0.9926471905308001,
USA,2,Iron,33.21000972,29.89,0.9926471905308001,
USA,3,Iron,33.21000972,29.89,0.9926471905308001,
USA,4,Iron,33.21000972,29.89,0.9926471905308001,
USA,5,Iron,33.21000972,29.89,0.9926471905308001,
USA,6,Iron,33.21000972,29.89,0.9926471905308001,
USA,7,Iron,33.21000972,29.89,0.9926471905308001,
USA,8,Iron,33.21000972000001,29.89,0.9926471905308003,
USA,9,Iron,33.21000972,29.89,0.9926471905308001,
USA,10,Iron,33.21000972,29.89,0.9926471905308001,
USA,11,Iron,33.21000972,29.89,0.9926471905308001,
USA,12,Iron,33.21000972,29.89,0.9926471905308001,
USA,13,Iron,31.835513563224357,29.89,0.9515635004047761,
USA,0,Nickel,2947.6961505627773,0.605625,1.785198481184582,
USA,0,Nickel,2947.6961505627773,0.605625,1.785198481184582,
USA,1,Nickel,2947.6961505627773,0.605625,1.785198481184582,
USA,1,Nickel,2947.6961505627773,0.605625,1.785198481184582,
USA,2,Nickel,2877.6023898599997,0.605625,1.7427479473589622,
USA,2,Nickel,2877.6023898599997,0.605625,1.7427479473589622,
USA,3,Nickel,2877.6023898599997,0.605625,1.7427479473589622,
USA,3,Nickel,2877.6023898599997,0.605625,1.7427479473589622,
USA,4,Nickel,2877.6023898599997,0.605625,1.7427479473589622,
USA,4,Nickel,2877.6023898599997,0.605625,1.7427479473589622,
USA,5,Nickel,2877.6023898599997,0.605625,1.7427479473589622,
USA,5,Nickel,2877.6023898599997,0.605625,1.7427479473589622,
USA,6,Nickel,2877.6023898599997,0.605625,1.7427479473589622,
USA,6,Nickel,2877.6023898599997,0.605625,1.7427479473589622,
USA,7,Nickel,2877.6023898599997,0.605625,1.7427479473589622,
USA,7,Nickel,2877.6023898599997,0.605625,1.7427479473589622,
USA,8,Nickel,2877.6023898599997,0.605625,1.7427479473589622,
USA,8,Nickel,2877.6023898599997,0.605625,1.7427479473589622,
USA,9,Nickel,2877.6023898599997,0.605625,1.7427479473589622,
USA,9,Nickel,2877.6023898599997,0.605625,1.7427479473589622,
USA,10,Nickel,2877.6023898599997,0.605625,1.7427479473589622,
USA,10,Nickel,2877.6023898599997,0.605625,1.7427479473589622,
USA,11,Nickel,2877.6023898599997,0.605625,1.7427479473589622,
USA,11,Nickel,2877.6023898599997,0.605625,1.7427479473589622,
USA,12,Nickel,2905.3032922650787,0.605625,1.7595243063780381,
USA,12,Nickel,2905.3032922650787,0.605625,1.7595243063780381,
USA,13,Nickel,2905.3032922650787,0.605625,1.7595243063780381,
USA,13,Nickel,2905.3032922650787,0.605625,1.7595243063780381,
USA,0,Steel,487.19999688,18.68125,9.1015049417145,
USA,1,Steel,487.19999688,18.68125,9.1015049417145,
USA,2,Steel,487.19999688000007,18.68125,9.1015049417145,
USA,3,Steel,487.19999688,18.68125,9.1015049417145,
USA,4,Steel,487.19999688,18.68125,9.1015049417145,
USA,5,Steel,487.19999688000007,18.68125,9.1015049417145,
USA,6,Steel,487.19999688,18.68125,9.1015049417145,
USA,7,Steel,487.19999688,18.68125,9.1015049417145,
USA,8,Steel,487.19999688,18.68125,9.1015049417145,
USA,9,Steel,487.19999688000007,18.68125,9.1015049417145,
USA,10,Steel,487.19999687999996,18.68125,9.101504941714499,
USA,11,Steel,487.19999688,18.68125,9.1015049417145,
USA,12,Steel,487.19999688,18.68125,9.1015049417145,
USA,13,Steel,487.19999688,18.68125,9.1015049417145,
